customer_id,name,email,gender,age,city,state,registration_date
1,Mariah Jesus,da-mataluiz-miguel@example.net,M,46,Caldeira Alegre,PE,2024-10-21 23:29:09
2,Matheus Cirino,upimenta@example.org,M,25,Pacheco Alegre,MG,2025-01-22 12:26:32
3,Maysa Correia,tbarros@example.org,F,56,Barros,AP,2025-02-08 07:24:12
4,Dra. Lavínia Andrade,fbrito@example.com,M,40,Novais,AP,2025-09-19 11:34:29
5,Dr. Benicio Duarte,vitor-gabrielvieira@example.net,M,41,Cavalcante das Flores,SP,2024-08-16 17:02:51
6,Dra. Sofia da Mata,elisanunes@example.org,M,57,Abreu de da Cunha,GO,2025-08-29 21:51:46
7,Maysa Câmara,juliadas-neves@example.org,F,39,Cassiano da Praia,RJ,2025-08-07 18:55:23
8,Dr. André Ferreira,ssampaio@example.org,M,41,Rezende Alegre,PR,2025-06-20 15:03:25
9,Manuela Pereira,lucas-gabriel38@example.com,F,55,Garcia,SE,2025-01-13 15:05:13
10,Lucas Gabriel Moraes,ayla19@example.com,M,38,Pimenta,PR,2024-06-15 22:41:28
11,Isis Barros,jvargas@example.com,F,39,Fernandes,DF,2024-06-17 12:27:13
12,Beatriz Sampaio,julia96@example.org,M,42,Souza,RS,2023-12-11 23:41:28
13,Vitor da Rosa,opires@example.org,M,59,Pinto,PB,2024-06-02 01:06:53
14,Ana Clara da Conceição,matteopinto@example.org,M,33,Mendonça da Mata,AP,2024-09-17 06:10:23
15,Davi da Luz,nogueiracalebe@example.org,M,64,Sales do Norte,CE,2025-09-27 18:08:03
16,Luiz Felipe Pimenta,maria-eduarda72@example.org,F,61,Peixoto do Norte,SP,2025-11-23 12:37:24
17,Heloisa Pinto,clara84@example.org,F,20,Montenegro Verde,PR,2025-11-25 02:32:01
18,Maria Viana,larissacunha@example.net,F,24,Monteiro,AL,2025-11-06 05:17:15
19,Bryan Pinto,sarahda-mata@example.org,M,56,Carvalho de Minas,PB,2025-01-09 22:29:06
20,Miguel Duarte,leticia72@example.com,M,42,Souza,TO,2024-06-21 02:49:28
21,Ana Beatriz Nogueira,kda-cunha@example.org,O,26,Machado Alegre,SP,2024-12-17 04:34:06
22,Antony Gomes,luiz-gustavomendes@example.com,M,19,Cavalcanti de Fonseca,PA,2025-11-23 16:45:54
23,Vitor Gabriel Cardoso,bcassiano@example.org,F,64,Leão,GO,2025-10-07 04:03:24
24,Vitor Gabriel Cavalcante,danilorodrigues@example.org,F,61,da Conceição,AC,2025-04-16 06:25:15
25,Kamilly Castro,fonsecavinicius@example.net,F,64,Cassiano das Flores,MA,2024-01-06 04:58:26
26,Sr. Vicente Vieira,caldeirajoao-guilherme@example.net,M,34,Novais,AP,2024-06-25 09:55:27
27,Marina Marques,teixeiraamanda@example.com,M,57,Duarte,AP,2024-06-30 10:22:56
28,Henry Gabriel da Mota,onovaes@example.com,F,23,da Cruz da Serra,SP,2025-06-13 16:12:27
29,Luan Ramos,vitorrios@example.org,M,21,da Mota,TO,2025-10-17 23:33:10
30,Dra. Brenda Ferreira,dante98@example.com,M,35,Barros da Mata,RN,2025-09-17 08:31:53
31,João Guilherme Montenegro,erocha@example.net,F,51,Teixeira do Oeste,RO,2025-09-11 07:32:23
32,Sr. Benicio Borges,gteixeira@example.net,M,53,Novaes das Pedras,GO,2024-07-18 21:26:34
33,Benício Vasconcelos,ydias@example.org,F,32,Gonçalves,TO,2025-03-04 23:06:24
34,Srta. Eloá Siqueira,da-costacecilia@example.com,M,40,Macedo,TO,2024-03-21 23:01:57
35,Luan Cunha,jpacheco@example.com,F,57,Azevedo de da Conceição,RR,2025-01-01 11:23:15
36,Rafael da Costa,liam88@example.com,F,62,da Conceição,SC,2024-11-14 16:46:14
37,Sra. Maria Vitória Rios,luiz-gustavo30@example.org,M,41,Cavalcanti,MS,2024-04-27 04:41:43
38,Olívia Sampaio,heloisacastro@example.org,M,62,Costela,CE,2024-04-12 08:38:36
39,Maria Liz Mendonça,raviduarte@example.org,M,32,Alves de Aparecida,CE,2024-11-17 01:35:22
40,Davi Luiz Lopes,umartins@example.org,M,42,Rezende de Cunha,MA,2024-09-11 05:02:51
41,Sra. Raquel Aparecida,rodrigomoraes@example.net,O,41,Rezende das Flores,TO,2024-11-04 14:58:36
42,Benício da Rocha,ana-lauraguerra@example.net,M,25,das Neves,SE,2024-10-03 20:43:21
43,Henrique Caldeira,emillycarvalho@example.com,M,28,Freitas do Galho,AL,2025-01-03 13:30:47
44,Lucca Porto,uda-rocha@example.org,M,25,Rodrigues do Campo,RO,2024-12-19 05:10:42
45,Marina Cassiano,avieira@example.org,F,50,Melo,DF,2025-05-24 18:20:46
46,Murilo Correia,joao-lucas26@example.org,F,59,Nunes das Flores,RJ,2025-04-14 17:41:26
47,Igor Leão,felipecastro@example.org,M,58,Gomes do Galho,SP,2023-12-30 11:15:38
48,Igor Camargo,pietro19@example.net,F,26,Cassiano do Campo,GO,2025-10-02 02:55:08
49,Valentim Sales,anthony-gabrielsa@example.com,F,51,Câmara de Duarte,MA,2024-08-09 06:16:08
50,Luna Costela,ida-cruz@example.org,M,40,Andrade,AM,2024-04-16 15:16:45
51,Benjamim Nunes,meloeloa@example.com,F,54,Novaes,MA,2024-01-02 03:34:41
52,Sofia Abreu,gcorreia@example.net,F,57,da Conceição,ES,2025-07-30 01:53:19
53,Theodoro Caldeira,azevedoclarice@example.org,M,52,Carvalho da Praia,CE,2024-02-09 13:31:17
54,Juan Pires,camila72@example.org,M,54,Almeida,RN,2024-02-04 14:56:29
55,Esther da Cruz,caldeirayan@example.org,O,20,Sá de Oliveira,MT,2025-02-07 08:47:02
56,Levi Albuquerque,yda-mata@example.org,F,43,da Costa,MG,2024-09-06 11:14:42
57,Davi Miguel Jesus,erick18@example.org,M,31,Cirino,AP,2025-08-27 00:31:50
58,Melina Novais,enzo-gabriel10@example.com,F,26,Alves do Norte,MT,2024-06-18 14:26:44
59,Paulo Oliveira,davi-luizda-cunha@example.org,F,43,Silva,SC,2024-05-31 07:30:21
60,Bárbara Pacheco,costelamaria-sophia@example.com,M,30,da Mota,RO,2024-05-20 14:18:00
61,Gael Henrique Sales,lara81@example.net,M,49,Dias de Vargas,DF,2025-09-22 13:03:30
62,Davi Miguel Almeida,jleao@example.net,F,49,da Cunha,MT,2024-02-08 15:13:42
63,Dr. Antony Aparecida,almeidacaue@example.net,F,54,Camargo,DF,2025-05-26 01:19:10
64,Paulo Machado,alvesmirella@example.org,M,62,Leão de Silveira,AP,2025-06-29 04:21:48
65,Benjamin Casa Grande,rochaemilly@example.net,F,46,Fogaça da Praia,ES,2024-02-16 21:02:23
66,Eduarda da Rocha,pachecoana-carolina@example.net,M,49,Mendonça,AP,2024-03-05 20:31:36
67,Benicio da Mata,cardosohadassa@example.net,F,39,Sá da Praia,PE,2024-08-19 07:07:56
68,Sarah Abreu,maria-juliamendes@example.org,F,59,da Costa de Goiás,BA,2025-06-23 21:39:33
69,Enzo da Conceição,lauramendonca@example.com,F,23,Peixoto,RS,2025-02-17 07:41:25
70,Josué Nogueira,enzo84@example.com,M,61,Ribeiro,RO,2025-06-27 02:30:43
71,Ravy da Rocha,smoura@example.org,M,47,Câmara,RR,2024-11-23 05:47:44
72,Benício Brito,clariceazevedo@example.org,F,45,Ramos das Pedras,GO,2025-09-06 11:06:26
73,Srta. Emanuella Casa Grande,eduardacardoso@example.org,M,50,Carvalho da Praia,ES,2024-10-02 19:44:43
74,Srta. Ana Sophia Albuquerque,tnascimento@example.net,M,44,Vargas,PI,2025-01-10 21:51:01
75,Dr. Henry Gabriel Rocha,cduarte@example.net,M,30,Lima do Galho,RO,2025-08-08 14:38:03
76,Liam Nunes,nunesesther@example.net,F,56,da Paz,AL,2024-09-28 00:38:18
77,Antônio Melo,luiz-felipecunha@example.org,M,44,Moreira,RN,2025-07-30 12:49:44
78,Ísis Caldeira,marinada-mata@example.com,M,54,Pires,AP,2025-09-24 00:16:33
79,Maria Júlia Ribeiro,isabellajesus@example.net,F,59,Fogaça de Goiás,AM,2023-12-25 07:12:01
80,José Pedro Lima,fernandacarvalho@example.com,M,32,Melo,SE,2024-03-01 15:50:28
81,Sr. Otto Andrade,camaraanna-liz@example.org,M,49,Nascimento do Amparo,ES,2025-10-04 16:52:00
82,Dra. Melina Garcia,cavalcanticaua@example.com,F,58,Silveira do Campo,CE,2025-01-18 03:22:39
83,Stephany Peixoto,theo42@example.net,M,29,da Paz do Sul,AM,2025-08-05 13:36:08
84,Maria Vitória Siqueira,montenegronoah@example.org,M,19,Ferreira,PE,2025-06-11 06:58:42
85,Maria Clara Silveira,costalorenzo@example.com,F,54,Andrade de Mendonça,SP,2025-08-13 01:05:35
86,Dr. Vinicius Azevedo,calebcunha@example.com,M,34,Rodrigues das Flores,AL,2024-04-18 02:43:13
87,Bento Sampaio,jesusarthur-miguel@example.org,M,19,Aparecida,ES,2025-08-29 14:09:27
88,Isaac Cassiano,saparecida@example.com,F,40,Araújo,PR,2025-07-03 05:51:11
89,Dra. Maria Cecília Rodrigues,caldeiravicente@example.com,M,50,Sales Alegre,SC,2025-07-13 11:35:34
90,Isabela da Rocha,mouraliz@example.org,F,19,Silveira,RS,2024-05-03 16:39:01
91,Aurora Aragão,vitoria88@example.org,F,43,Santos,AC,2025-08-08 20:41:06
92,Dra. Ana Lívia Sousa,borgesmelina@example.net,O,49,Cirino das Flores,GO,2024-03-02 14:26:40
93,Ian da Rocha,laviniamendonca@example.net,F,28,Aparecida,MS,2025-08-02 22:23:40
94,Sr. Rael Casa Grande,montenegroyuri@example.com,M,34,Casa Grande de Brito,MA,2025-12-07 08:28:17
95,Zoe da Conceição,scardoso@example.net,F,41,da Cunha,TO,2025-04-08 16:47:34
96,Srta. Clara Vieira,gustavo-henrique02@example.org,M,51,Vargas do Campo,PA,2024-07-30 23:13:37
97,Lunna Cavalcante,francisco93@example.com,F,28,Gonçalves,ES,2024-04-23 06:25:04
98,Luiz Henrique Gomes,xleao@example.org,F,33,da Rosa de Costa,RN,2025-03-08 13:53:46
99,José Pedro Nascimento,salesjoana@example.net,F,23,Brito de da Rocha,AM,2024-07-10 06:34:54
100,Dra. Maria Luiza Nogueira,juliateixeira@example.com,F,20,Azevedo de Sampaio,MG,2025-03-28 01:24:02
101,Sr. Arthur Monteiro,rsiqueira@example.org,F,53,Sousa,MS,2024-10-18 04:41:44
102,Hellena Silveira,joao-pedroleao@example.org,M,20,Ramos,PB,2025-10-22 18:02:04
103,Evelyn Correia,ravi-lucca59@example.net,F,37,Moura,PI,2024-04-29 19:19:12
104,Vitor Hugo Azevedo,luiza02@example.org,F,58,Montenegro,PE,2025-02-19 16:18:11
105,Sra. Julia Melo,jfogaca@example.net,F,56,Pires das Pedras,AC,2024-09-15 14:13:14
106,Emanuel Camargo,joaquimcarvalho@example.com,F,18,Fonseca,RJ,2024-02-07 01:53:08
107,Thiago da Rocha,isis90@example.com,F,42,Castro,AL,2025-02-21 07:10:19
108,João Pedro da Mata,upacheco@example.com,M,48,Cirino,AC,2025-05-24 07:27:32
109,Enzo Garcia,da-conceicaoluiz-otavio@example.com,F,52,Sousa de Goiás,PE,2024-11-11 10:55:04
110,Kamilly Ribeiro,tjesus@example.com,M,33,Teixeira,SP,2025-07-05 09:03:55
111,Sr. Matteo Azevedo,ferreirabenjamin@example.com,F,19,Moreira de Goiás,DF,2024-08-26 17:07:35
112,Caleb Lopes,leonardonunes@example.net,O,29,Ribeiro,PI,2024-07-09 01:48:27
113,Maria Júlia Albuquerque,mathias43@example.com,F,49,Fonseca,ES,2025-02-25 08:20:45
114,Sr. Pedro Lucas Barbosa,breno43@example.com,F,26,Santos,RN,2024-09-02 10:10:11
115,Dr. Mateus Moraes,antonella57@example.com,M,36,Souza do Oeste,MT,2025-10-29 02:48:37
116,Maya Correia,rafaela25@example.com,F,20,Sá do Sul,AL,2025-07-08 07:47:37
117,Alexia Pinto,da-costadavi-lucas@example.com,F,50,Rezende de Novais,PA,2025-01-11 17:56:40
118,Nicolas Peixoto,raquelmonteiro@example.net,F,28,Rodrigues,AL,2025-04-22 05:18:01
119,Srta. Gabriela Leão,augustofogaca@example.org,F,53,Peixoto,PI,2024-02-12 15:35:14
120,Sara Cavalcanti,lfogaca@example.org,F,37,Pereira de Pinto,DF,2025-05-09 02:49:55
121,Maria Fernanda Ferreira,costelacatarina@example.com,F,42,Macedo de Melo,PI,2024-06-12 21:28:26
122,Nina Albuquerque,cirinojoao-guilherme@example.org,F,46,Ribeiro,MT,2024-05-08 20:22:51
123,Dr. Luan Sousa,yasmin22@example.com,M,63,Câmara,PE,2025-08-13 16:06:09
124,Clara Melo,stellalopes@example.net,F,52,Vasconcelos Verde,PB,2025-06-24 10:03:55
125,Otávio Leão,opereira@example.com,F,58,Pimenta,SC,2025-10-31 12:51:15
126,Sra. Luna Rezende,brayanlopes@example.com,M,21,Nunes,TO,2025-11-29 07:40:45
127,Diogo da Rosa,maysa26@example.org,M,38,Gonçalves,MG,2024-12-07 03:34:25
128,Enrico Martins,abreubarbara@example.org,M,25,Andrade de Goiás,MG,2024-02-18 20:54:07
129,Vicente Costela,jmonteiro@example.com,F,34,Viana da Prata,MT,2024-06-24 00:14:03
130,Dra. Natália Porto,almeidanatalia@example.net,M,29,Almeida,PR,2025-11-27 22:13:48
131,Marcelo Cassiano,bfogaca@example.net,F,39,Novaes,RN,2025-09-24 23:51:40
132,Daniela Santos,asafe42@example.org,M,63,da Cruz da Praia,RJ,2025-03-05 10:20:58
133,Sabrina Novaes,yan51@example.net,F,55,Montenegro do Campo,MA,2024-01-01 03:39:31
134,Melina Vieira,anthony-gabrielazevedo@example.com,M,25,Castro de Novaes,RO,2024-07-23 12:50:19
135,Cauã Nunes,ypimenta@example.com,F,51,Sá,MT,2024-02-03 02:04:22
136,Sr. Gabriel Pereira,thalesmonteiro@example.org,M,50,Lopes,AP,2025-06-18 20:45:00
137,Ana Sophia Macedo,fonsecaisis@example.net,F,50,Novais da Mata,MS,2024-04-15 02:16:42
138,Heitor da Conceição,gustavo32@example.org,M,36,Andrade de da Costa,ES,2025-11-10 16:43:48
139,Lívia Rezende,eduarda89@example.org,F,34,Costa,TO,2024-06-08 21:19:22
140,Davi Luiz Novais,ynovaes@example.com,O,47,Carvalho de Goiás,SE,2025-10-16 07:02:10
141,Alexia Barros,luccasouza@example.com,F,23,Martins Grande,PA,2024-12-11 15:08:50
142,Maitê Cunha,moreiraluiz-otavio@example.net,M,58,Gomes,MS,2025-11-19 01:48:01
143,Marina Silveira,maria-eduarda61@example.com,F,46,Cunha dos Dourados,SE,2024-08-05 12:49:07
144,Ravy Rios,auroraalbuquerque@example.org,M,48,Cassiano,AM,2024-01-07 22:12:47
145,Dr. José Ribeiro,fernandesluiz-otavio@example.com,O,50,Araújo,PI,2025-10-01 14:42:31
146,Srta. Ana Carolina Silva,cirinolunna@example.org,M,38,Rezende,SC,2025-09-16 18:51:31
147,Esther Castro,jpastor@example.com,M,50,Pimenta de Cunha,AM,2025-06-30 17:54:33
148,Vitória Gomes,zgomes@example.com,M,35,Sales,MG,2024-12-16 02:33:02
149,Felipe Viana,cda-cruz@example.com,F,48,Brito,RO,2025-07-15 02:25:48
150,Antônio da Conceição,zda-rocha@example.org,F,20,Pacheco,MA,2024-03-26 21:46:27
151,Ravi Lucca Cassiano,luanasilva@example.org,F,41,da Rocha,MA,2024-06-15 16:55:00
152,Sra. Sara da Rocha,barbaraalbuquerque@example.com,M,64,Azevedo,MS,2024-11-12 21:13:12
153,Enzo Rezende,nalbuquerque@example.com,O,19,Fogaça,GO,2024-08-16 03:24:19
154,José Miguel Jesus,portoraul@example.org,M,59,Silveira de Alves,SE,2024-01-29 03:57:19
155,Thales Mendonça,costelamurilo@example.com,F,34,Borges,MG,2025-11-16 06:13:18
156,Nathan Brito,ogoncalves@example.net,F,26,Câmara de Vargas,MG,2025-05-07 04:36:36
157,Maria Julia Garcia,acostela@example.org,F,56,Siqueira,MA,2025-01-12 10:10:51
158,Ana Liz Lopes,gabrielmendes@example.net,M,43,Mendonça,SE,2024-12-02 22:43:11
159,Laís Camargo,vargasdavi-miguel@example.org,F,42,Leão,GO,2024-12-16 15:37:13
160,Otávio Correia,wpereira@example.com,F,24,Sales Verde,DF,2025-10-20 02:26:20
161,Kaique Oliveira,fernandesalexandre@example.net,F,62,Pereira,MS,2025-01-17 14:28:04
162,Rafael Camargo,nunesisabella@example.org,M,25,Caldeira do Galho,PR,2025-05-08 05:28:30
163,Davi Mendes,peixotojoao-vitor@example.net,F,33,Rocha,RO,2025-05-05 16:23:33
164,Maria Vitória Sousa,britodante@example.net,M,40,Duarte,AP,2024-11-26 11:24:33
165,Caleb Casa Grande,bferreira@example.net,M,51,Montenegro do Sul,RO,2024-04-28 01:29:55
166,Brayan Ramos,ybrito@example.net,M,40,Carvalho,RN,2025-02-09 06:25:53
167,Catarina Monteiro,giovannaaparecida@example.com,F,42,Peixoto,ES,2024-12-15 18:41:16
168,João Lucas da Cruz,emoreira@example.com,M,39,das Neves,AP,2025-09-07 17:36:55
169,Melina Cardoso,lara32@example.net,F,39,Borges Paulista,GO,2025-08-31 02:31:05
170,Antônio Albuquerque,emanuel84@example.com,M,59,Carvalho de Santos,PA,2023-12-24 11:19:22
171,Antônio Guerra,nathan82@example.org,F,60,Martins do Norte,SC,2025-10-22 05:49:20
172,Ana Julia Mendonça,araujoclara@example.com,M,50,Viana Verde,AL,2024-03-18 13:42:55
173,Evelyn Novaes,ana-clara46@example.net,F,61,Sousa do Oeste,AP,2024-11-16 06:37:14
174,Alícia Nascimento,lais62@example.net,O,56,Macedo,MT,2024-11-15 01:50:05
175,Maria Cecília Câmara,ravilima@example.com,M,62,Moraes,AC,2025-11-19 00:28:31
176,José Miguel Martins,melina04@example.org,M,47,Cunha,RN,2025-10-11 19:14:29
177,Vitor Hugo Fernandes,castromaria-cecilia@example.net,F,57,Nunes do Oeste,MG,2025-09-01 10:27:35
178,Thomas Silva,ferreiralucas-gabriel@example.com,F,30,Abreu de Fernandes,BA,2024-05-28 08:46:46
179,Isis Mendonça,camargovalentina@example.net,O,59,Novaes Paulista,TO,2025-10-26 20:10:45
180,Maria Luiza Marques,isabela82@example.org,M,34,Alves,ES,2025-02-08 19:43:56
181,Valentim Vasconcelos,borgesalexia@example.com,M,36,Borges do Amparo,RN,2024-03-01 16:34:05
182,Zoe Campos,ksa@example.net,M,43,Mendes,SC,2024-09-16 06:13:16
183,José Miguel Moreira,tcardoso@example.net,M,40,Santos Grande,MA,2025-06-23 17:09:21
184,Larissa Vargas,silvagabrielly@example.com,M,29,Novaes das Flores,MA,2025-01-26 10:57:20
185,Anthony Jesus,qsilveira@example.com,M,18,Correia,CE,2025-03-02 17:10:34
186,Dr. Luigi Aragão,castrostephany@example.net,M,49,Rodrigues,BA,2024-04-19 18:01:25
187,Ryan Pimenta,casa-grandeclara@example.com,F,42,Leão de Rezende,RR,2025-04-27 23:23:13
188,Pietra Pacheco,brayan76@example.com,F,18,Jesus,RO,2025-06-02 22:58:03
189,Ian Fogaça,luiz-felipemartins@example.com,F,56,da Mata,AC,2024-10-18 22:51:05
190,Caleb da Cruz,josearagao@example.org,F,22,Moraes do Sul,ES,2024-11-14 22:59:28
191,Alice Nascimento,emanuel29@example.com,F,20,Aragão,BA,2024-11-25 04:21:12
192,Aylla Cassiano,freitasbernardo@example.net,M,33,Santos de Novaes,RJ,2025-03-08 01:34:15
193,Anna Liz Lopes,enrico88@example.com,M,39,da Luz,RN,2025-03-21 02:12:10
194,Lorenzo Aragão,zoecaldeira@example.org,M,31,da Costa,TO,2025-02-08 03:27:10
195,Camila Ferreira,nogueirabianca@example.org,M,64,da Paz das Pedras,CE,2025-06-24 04:51:33
196,Clarice Rezende,franciscosilva@example.com,M,63,Duarte das Flores,RO,2024-10-01 13:38:21
197,Maria Julia da Rosa,fda-luz@example.org,O,22,Sousa de Gomes,PR,2024-02-23 03:43:15
198,Maria Sophia Barbosa,pnunes@example.org,M,43,Pastor,RJ,2025-06-17 22:01:08
199,Isaque Porto,cardosocecilia@example.com,F,38,Camargo de Moura,AP,2024-08-22 19:09:45
200,Lucca Viana,zteixeira@example.net,M,50,Aparecida,PR,2025-04-14 01:42:24
201,José Garcia,monteiroantony@example.org,M,54,Montenegro de Goiás,SE,2025-07-20 09:45:00
202,Murilo Nunes,melinamartins@example.net,M,27,Souza,TO,2025-06-29 21:56:46
203,Isabella Barbosa,limajuliana@example.com,F,53,Freitas,SP,2025-07-16 11:33:50
204,Ana Beatriz Cunha,azevedoanthony@example.org,M,48,Monteiro,SP,2024-12-29 11:38:08
205,Marcos Vinicius Santos,castroana-sophia@example.com,M,36,Cardoso da Serra,DF,2025-09-22 15:16:29
206,Isabella Albuquerque,ottoguerra@example.com,F,18,Monteiro,PB,2025-08-16 23:05:23
207,Dr. Théo das Neves,sara74@example.org,F,62,Barros da Prata,PE,2025-07-26 09:50:00
208,Breno Siqueira,daniel19@example.org,M,41,Novais,RN,2024-09-20 15:56:54
209,Cauã Martins,aalves@example.net,F,19,Moraes,RJ,2025-06-03 23:09:28
210,Thiago Pinto,otto07@example.net,M,49,Santos de Casa Grande,RJ,2024-01-22 03:14:58
211,João Lucas Marques,pimentavinicius@example.net,F,41,Lima da Serra,PE,2024-07-13 21:26:21
212,Guilherme Mendonça,isaque08@example.org,F,52,Cunha da Praia,RJ,2024-03-14 09:52:05
213,Sra. Maria Flor Guerra,diasagatha@example.org,F,50,Pimenta,CE,2025-12-04 02:07:38
214,João Vitor Nascimento,correiavitoria@example.net,F,60,Alves,AP,2025-07-15 13:39:15
215,Larissa Vargas,cnovaes@example.net,F,20,Macedo dos Dourados,SP,2024-06-05 10:36:09
216,Sra. Luara Pereira,kamilly62@example.org,F,57,Macedo,PA,2024-11-21 15:46:18
217,Diogo Camargo,nunesisis@example.net,F,61,Leão de Fonseca,BA,2024-04-17 07:42:22
218,Arthur Barbosa,alexandrecamara@example.net,M,29,Nunes,RN,2024-10-26 22:52:30
219,Dr. Rodrigo Camargo,da-rochalevi@example.com,M,19,Lopes,RR,2025-05-18 06:35:01
220,Maria Helena Jesus,barrosmariana@example.com,M,52,Rocha,TO,2024-04-19 04:46:09
221,Evelyn Azevedo,vmacedo@example.com,M,43,Santos,AM,2025-02-18 01:37:04
222,Alana Rocha,marcelo45@example.com,M,43,Novais de Minas,RS,2024-04-26 17:37:42
223,Ana Cecília Gonçalves,elopes@example.com,F,51,Moura,PB,2025-07-10 07:05:19
224,Sra. Melissa Farias,ada-rosa@example.org,M,24,Gomes,DF,2025-08-09 04:10:37
225,Dr. Ian Lopes,isaac41@example.org,M,62,Gomes,PI,2025-08-08 02:25:47
226,Mariana Correia,lda-paz@example.org,F,53,Albuquerque da Prata,RR,2025-09-06 12:48:20
227,Diego Rocha,joanamoura@example.com,M,53,Campos da Prata,SC,2025-02-09 15:35:21
228,Davi Miguel Macedo,andradecalebe@example.org,M,26,Andrade Verde,RO,2024-05-14 20:38:33
229,Cauã da Luz,garciapedro-henrique@example.net,F,52,Santos,RR,2024-04-18 01:57:21
230,Matteo Siqueira,da-rosahellena@example.net,O,53,da Luz das Flores,AC,2025-02-08 10:16:00
231,Dr. Anthony Borges,qrezende@example.net,M,56,Pacheco,SP,2024-09-27 08:46:55
232,Henry Gabriel Pereira,da-mataantonio@example.com,F,40,Barros Verde,MT,2024-03-03 21:38:12
233,Emanuelly Oliveira,valentimbarros@example.org,F,54,Farias de Martins,RN,2025-03-27 00:17:25
234,Luiz Henrique Pinto,pcampos@example.org,M,30,Teixeira do Sul,MT,2025-05-31 20:40:57
235,Maria Clara Correia,juancassiano@example.com,F,52,Costela,RJ,2025-08-12 21:10:40
236,Renan Rios,olivia75@example.org,M,34,Mendonça de Goiás,RN,2025-08-24 17:08:38
237,Evelyn Aparecida,gabrielduarte@example.org,F,37,Porto,RS,2025-11-19 07:13:22
238,Isabel Abreu,portoalice@example.net,F,39,Cavalcante de Goiás,RR,2024-06-10 05:23:01
239,Gabriela Costa,barrosayla@example.org,M,36,Farias dos Dourados,PB,2025-10-19 01:56:11
240,Juan Martins,ncunha@example.net,M,29,Sá,SP,2024-03-07 04:20:20
241,Maria Clara Santos,matheus41@example.org,F,36,Ramos,RJ,2024-08-04 12:27:07
242,Ana Laura Abreu,mfreitas@example.com,M,24,Novaes da Serra,RO,2024-07-13 19:08:47
243,Ana Carolina Abreu,xvieira@example.com,F,48,da Rocha,PI,2024-10-03 08:37:24
244,Ana Júlia Cavalcanti,lopesmaria-liz@example.org,F,36,Sá de Pires,CE,2025-12-02 06:45:02
245,Igor Nunes,garcianathan@example.net,F,33,Santos da Praia,DF,2025-05-05 19:13:51
246,Breno Farias,zda-rosa@example.org,M,52,Costela de Sales,CE,2024-04-10 22:34:19
247,Alice Sales,britoyasmin@example.com,F,38,Leão das Pedras,PI,2025-03-09 15:18:17
248,Isis Albuquerque,ymonteiro@example.net,F,40,Casa Grande,PA,2024-12-07 09:52:11
249,João Miguel Vieira,rezendepaulo@example.net,F,56,Pacheco do Campo,PA,2023-12-22 18:07:34
250,Fernanda Martins,dbarros@example.org,M,59,Correia das Pedras,AL,2024-09-23 17:30:27
251,Dr. Bento Gomes,joao-felipecardoso@example.com,O,31,Borges da Prata,MT,2024-02-27 02:34:51
252,Nicole Moreira,eloahrezende@example.com,F,22,Cavalcante das Flores,PI,2025-10-23 23:10:20
253,Helena Cardoso,marceloda-costa@example.com,F,46,Pereira Verde,PR,2024-07-02 20:29:59
254,Felipe Rezende,agathada-cruz@example.net,M,35,Fernandes,MA,2025-11-20 05:35:46
255,Ravy Lopes,mabreu@example.com,O,26,Machado,PE,2024-10-27 16:34:34
256,Esther Correia,montenegroheitor@example.com,F,61,da Cunha,TO,2025-01-12 04:47:16
257,Théo Cavalcante,helena80@example.com,F,55,da Cruz de Rezende,MA,2025-10-17 01:51:03
258,Bruno Silveira,maria-clara52@example.net,M,30,Jesus,PR,2025-01-26 16:49:53
259,Sra. Maria Vitória Cunha,montenegrorhavi@example.com,M,26,Moreira,AP,2025-09-05 17:20:02
260,Cecilia Nogueira,matteofonseca@example.com,F,19,Lima de Goiás,MS,2025-11-08 01:36:41
261,Juliana Moraes,silvajade@example.org,M,54,Nogueira,MG,2025-08-16 14:12:40
262,Emanuelly da Mata,maria-vitoriabarros@example.org,M,25,Montenegro Verde,MT,2025-02-24 22:07:03
263,Caio Marques,leandro29@example.com,M,18,Costela,AM,2024-12-03 23:14:16
264,Aylla Albuquerque,rodrigo15@example.net,F,34,Costela,RS,2025-10-07 16:35:57
265,Maria Luiza Ferreira,cazevedo@example.org,F,42,Monteiro,MG,2024-03-03 04:42:10
266,Clarice Correia,souzaemanuel@example.org,F,53,da Costa,AC,2024-08-01 17:26:25
267,Sr. Vitor Oliveira,tsilva@example.net,M,48,Barbosa dos Dourados,PI,2025-01-02 05:16:48
268,Igor Abreu,yago28@example.net,F,61,Rezende de Minas,PB,2024-08-14 18:03:41
269,Dr. Bento das Neves,icardoso@example.org,F,44,Moura do Campo,RO,2024-11-22 16:40:58
270,José Mendes,siqueiraisis@example.net,M,36,Rodrigues,PI,2025-01-30 16:07:06
271,Thales Rodrigues,cardosoana-carolina@example.com,M,20,Sousa,AC,2024-08-24 11:33:38
272,Felipe Almeida,jose65@example.com,M,45,da Paz das Pedras,PR,2024-01-07 03:52:42
273,Diogo Barbosa,davi-luiz03@example.com,F,37,Barros,RR,2025-08-17 23:46:43
274,Renan Peixoto,marcelacostela@example.net,M,58,Fernandes,CE,2024-06-30 01:14:05
275,Dr. Pedro Costa,fsilveira@example.net,F,20,da Mota,CE,2024-03-06 00:03:57
276,Davi Miguel Cirino,uda-cruz@example.com,F,42,Ribeiro,MT,2025-10-15 00:16:36
277,Cecilia Garcia,portomatteo@example.net,F,55,Gomes,RS,2025-04-19 07:01:30
278,Isaque Freitas,lopespietra@example.com,M,61,Vasconcelos de da Cruz,SP,2024-10-07 12:35:07
279,Ana Beatriz Pacheco,maria-lizferreira@example.org,O,62,da Paz,PE,2024-06-08 04:06:13
280,Dra. Yasmin Pacheco,laviniamoura@example.net,M,38,Jesus da Serra,RR,2024-08-18 11:11:25
281,Isabel Lopes,hadassaporto@example.net,M,38,Ferreira,MT,2024-05-12 13:05:41
282,Sr. Yuri Cirino,joao-pedronovais@example.net,O,54,Araújo do Norte,PR,2024-10-03 00:21:18
283,Sra. Sarah Farias,luara03@example.net,M,36,Silva,RR,2024-07-19 17:07:06
284,Théo Vargas,yda-mota@example.com,O,35,Sales,RS,2024-03-23 11:54:10
285,José Montenegro,wcosta@example.org,M,31,Sales da Serra,RR,2024-01-15 21:20:22
286,Dra. Emanuelly Sousa,melina46@example.net,M,18,da Mota,PR,2024-08-16 02:50:29
287,Lucas Gabriel Rezende,kevin43@example.com,F,20,Rodrigues,SP,2025-01-15 23:01:58
288,Sra. Maria Júlia Sampaio,lucas-gabrielcassiano@example.com,F,28,Lima de Silveira,MT,2024-09-29 06:09:22
289,Marcelo Borges,joaquimduarte@example.org,M,49,Teixeira do Sul,RS,2025-03-11 01:32:41
290,Anthony Gabriel Nunes,agathada-cruz@example.com,M,55,Moura do Amparo,RS,2025-10-13 01:10:26
291,Hellena da Cruz,brocha@example.com,M,45,Albuquerque,BA,2024-04-14 16:26:11
292,Maria Cecília Lopes,cauabarbosa@example.net,M,45,Marques de Costela,GO,2025-07-24 15:06:57
293,Marcelo Moraes,silvaluiz-henrique@example.net,F,25,Brito,PB,2024-06-05 13:48:10
294,Caio Ribeiro,monteirodaniel@example.net,M,45,Rocha,AM,2024-02-08 15:46:02
295,Isis Ribeiro,heloisaribeiro@example.net,M,58,Nascimento,AL,2023-12-30 04:33:12
296,Gael Henrique da Luz,fteixeira@example.net,M,44,Rios de Martins,RS,2024-02-10 14:56:37
297,Manuela da Conceição,salesalexia@example.net,F,34,Mendes do Sul,GO,2025-02-03 08:58:15
298,Eduarda Rocha,borgesemanuella@example.org,M,37,Leão dos Dourados,BA,2025-03-22 16:12:57
299,Brayan Rodrigues,ana-vitorianogueira@example.net,F,46,Cavalcanti das Flores,PI,2025-07-09 12:10:46
300,Calebe Andrade,arthur-miguel32@example.org,M,52,da Rosa do Galho,RS,2025-12-01 20:36:15
301,Arthur Gabriel da Paz,kda-cruz@example.net,F,35,Vasconcelos Grande,RN,2025-11-13 05:53:49
302,Luísa Almeida,wcassiano@example.net,M,22,Vieira,PB,2025-06-01 16:56:25
303,Valentina Moraes,fsilva@example.org,F,19,Nogueira,PI,2025-09-19 19:59:01
304,Maria Liz Albuquerque,fpires@example.net,M,47,Porto do Campo,DF,2025-03-17 01:53:22
305,Dante Gomes,pgoncalves@example.com,F,62,Novais do Campo,DF,2024-07-19 22:41:34
306,Gael Henrique Pinto,fvasconcelos@example.org,M,50,Vasconcelos da Serra,SE,2024-05-07 03:41:40
307,Thiago da Luz,luiz-fernandocorreia@example.com,F,35,Caldeira de Costela,PI,2024-08-09 20:15:36
308,Sra. Gabrielly Aragão,valentina92@example.org,O,28,Abreu do Oeste,CE,2025-07-28 21:07:18
309,Enzo Câmara,kaique93@example.com,F,42,Cirino,AL,2024-09-11 17:07:01
310,Srta. Milena da Conceição,renan75@example.org,O,44,Barbosa da Prata,SC,2024-01-17 04:48:51
311,Srta. Maria Helena Aparecida,antonio03@example.com,F,50,Cirino de Garcia,AL,2024-09-26 15:29:29
312,Alexandre Nogueira,ferreiraemilly@example.net,M,52,Gomes das Flores,AL,2024-12-25 00:35:16
313,Gael Henrique Nascimento,lizda-costa@example.org,M,38,Cavalcanti de Goiás,RS,2023-12-11 23:28:54
314,Manuella Rios,fogacasabrina@example.org,M,23,Castro,AC,2024-10-21 10:09:08
315,Luigi Albuquerque,cunhacecilia@example.com,F,22,Monteiro,RJ,2025-09-05 17:36:21
316,Eduarda Fernandes,isabel89@example.com,O,55,Pacheco da Serra,MA,2024-07-04 16:04:16
317,Sr. Isaque Montenegro,gustavo-henriquealmeida@example.org,F,40,Azevedo,PE,2025-09-23 10:21:20
318,Srta. Sara Caldeira,marcela33@example.com,F,54,Pereira Paulista,PR,2025-03-27 13:02:00
319,Maysa Pereira,mcorreia@example.net,F,36,Pinto,RN,2025-05-24 01:39:35
320,Diego Ribeiro,nathan62@example.net,M,31,Carvalho,RS,2024-02-11 23:36:27
321,Ester Casa Grande,garciaian@example.com,M,18,Oliveira da Mata,AC,2025-01-01 05:28:13
322,Calebe Azevedo,correiajoaquim@example.org,F,30,Teixeira do Norte,MG,2025-06-25 10:08:15
323,João Gabriel Vargas,lucca00@example.org,M,18,Silva dos Dourados,MS,2024-06-11 20:13:05
324,Lucca Cardoso,leonardo55@example.net,F,49,Pimenta da Serra,MS,2025-04-20 08:45:32
325,Bianca Nunes,eloa23@example.com,M,48,Martins,RJ,2025-01-04 00:37:51
326,Dr. Carlos Eduardo Rezende,bryanfernandes@example.org,M,43,Dias de Machado,CE,2024-04-18 15:20:24
327,Otto Araújo,ottoda-cruz@example.net,F,20,Gomes,SP,2025-04-24 07:11:12
328,Joaquim Vieira,liam65@example.com,F,29,da Mata,PR,2025-01-31 06:04:10
329,Lavínia da Mota,borgesbenicio@example.com,F,61,Borges,AC,2025-07-01 17:43:34
330,Ana Cecília Machado,igorda-mota@example.net,F,47,Brito,SC,2024-01-30 20:43:42
331,Ryan Pires,siqueirabruno@example.net,F,34,Sales,CE,2024-02-14 13:07:09
332,Dra. Ana Luiza Campos,pda-rocha@example.com,M,64,Aparecida,AC,2024-12-18 13:14:41
333,Benício Moreira,maitesouza@example.org,M,54,da Mata,AP,2024-09-05 00:38:10
334,Olívia Viana,joao-gabrielduarte@example.com,F,19,Ribeiro,RR,2025-06-09 06:34:53
335,Sr. Theodoro Camargo,limakevin@example.net,F,56,Nogueira,GO,2024-02-13 10:40:12
336,Sabrina Silveira,ypereira@example.org,M,51,Câmara de Cardoso,PR,2024-07-17 11:26:32
337,Dr. Kevin Souza,juan89@example.com,M,51,Jesus,SC,2025-08-05 00:32:35
338,João Vitor Novaes,carvalhoisis@example.net,F,32,Moraes,BA,2023-12-17 06:20:16
339,Dr. Enzo Gabriel Fernandes,ottoramos@example.com,M,51,Cardoso de Duarte,PB,2024-03-07 18:03:37
340,Ana Cecília Melo,wcarvalho@example.net,M,55,Gomes,MG,2024-12-19 19:26:41
341,Nicole Cardoso,duartemariane@example.net,M,32,Aragão de Jesus,BA,2024-12-31 18:57:05
342,João Vitor Correia,qoliveira@example.org,M,59,Borges,PI,2025-09-03 13:19:57
343,Apollo Silveira,novaeslorena@example.com,F,22,Garcia,BA,2025-02-25 19:47:05
344,Gustavo Castro,ecirino@example.com,F,27,das Neves da Prata,AC,2024-12-27 00:18:59
345,Rhavi Nogueira,rocharaul@example.net,F,27,Porto,PA,2024-06-12 21:44:45
346,Alexia Barros,vcunha@example.net,F,37,Carvalho,PB,2025-01-06 09:53:50
347,Sra. Clara Fonseca,alvesbenjamim@example.net,M,51,Martins,SE,2024-01-02 17:09:44
348,Luiz Henrique Andrade,da-cruzmaria-isis@example.net,F,19,Duarte,GO,2025-11-14 05:31:33
349,Maria Cecília Vasconcelos,emanuella79@example.net,M,60,Aragão,PB,2025-05-02 19:43:14
350,Arthur Miguel Pacheco,josuebrito@example.com,F,28,Martins de Jesus,ES,2024-04-17 10:49:44
351,Nicole Rodrigues,milenada-mota@example.com,M,40,Abreu de Rezende,AC,2024-05-05 23:44:11
352,Dra. Sarah Farias,marquesdavi-lucas@example.org,M,48,Martins,MG,2025-02-23 14:51:23
353,Igor Macedo,iporto@example.com,M,33,Mendes,RJ,2025-07-04 23:31:43
354,Calebe Garcia,moreiramaria-isis@example.com,F,57,Duarte,RN,2025-07-25 10:02:08
355,Gabrielly Leão,riospedro-miguel@example.net,F,42,Vargas Grande,PR,2023-12-25 09:11:18
356,Juliana Abreu,rodriguesnicole@example.com,F,20,da Conceição,PI,2024-10-05 06:30:10
357,Sr. Noah Pacheco,camila53@example.org,F,49,Costa das Flores,PI,2025-07-10 16:10:58
358,Arthur Miguel Teixeira,kpastor@example.com,M,36,Casa Grande de Melo,PR,2025-11-01 00:27:35
359,Lavínia Leão,mdas-neves@example.com,F,35,Costa,PE,2024-07-12 17:41:30
360,Mariana Correia,diogo16@example.net,M,39,Rios do Galho,SE,2024-08-10 20:37:24
361,Antonella Sales,joao-vitor94@example.org,M,18,Freitas,ES,2025-05-24 11:16:26
362,Luiz Otávio Moreira,agatha26@example.org,F,29,Cavalcante,PA,2025-05-15 13:41:51
363,Rael Dias,rferreira@example.org,M,51,Nogueira de Nascimento,AP,2024-05-17 15:50:59
364,Sr. João Pedro Camargo,theo39@example.org,M,43,Cavalcanti,AP,2025-04-22 18:05:25
365,Enrico Sá,maria-flormachado@example.org,F,26,Pires,SE,2024-10-30 21:46:21
366,Giovanna Cirino,antonellacunha@example.net,M,64,Nunes das Flores,SC,2024-12-10 21:08:09
367,Dr. Isaque Cassiano,maria-fernandafreitas@example.net,F,64,Azevedo,PA,2025-06-23 04:03:47
368,Luiz Gustavo Porto,siqueiramateus@example.net,F,60,Mendes de Novais,RN,2025-03-01 03:29:45
369,Maria Sophia Machado,mvargas@example.net,F,34,Porto do Campo,SC,2025-06-06 17:15:14
370,Kaique Alves,almeidarodrigo@example.net,M,18,Sá,PA,2024-01-22 01:05:44
371,Pedro Miguel Ferreira,ravi-lucca90@example.org,M,52,Monteiro,PE,2025-03-24 02:02:30
372,Leandro da Cruz,britoaugusto@example.com,M,32,Azevedo,MA,2025-02-12 21:52:44
373,João Pedro Montenegro,valentimcarvalho@example.com,F,39,Vargas,RO,2025-08-16 20:04:24
374,Letícia Araújo,samaria-vitoria@example.com,M,45,Pinto das Pedras,RO,2024-10-04 22:04:08
375,Dr. Lucas Gabriel Teixeira,wmacedo@example.com,M,41,Fernandes Paulista,CE,2024-07-29 23:50:29
376,Rafael Cavalcanti,andre89@example.net,F,43,Cassiano do Galho,MT,2024-09-20 10:04:20
377,Nicolas Nunes,cecilia64@example.net,M,24,da Rosa dos Dourados,SE,2025-07-07 03:02:39
378,Leonardo Albuquerque,oteixeira@example.org,F,40,Lopes,MA,2024-04-25 17:42:27
379,Sra. Ana Cassiano,falves@example.net,F,64,Marques,SE,2025-10-02 23:17:41
380,Nina Pinto,davi96@example.org,M,35,da Costa de Fernandes,AC,2024-03-20 21:35:42
381,Raquel Guerra,juanmendonca@example.com,M,52,Novaes,DF,2024-01-13 02:57:36
382,Marcela Araújo,kevin86@example.com,M,42,Moura,MA,2024-09-17 19:00:43
383,Dra. Luna da Rosa,gustavo-henriquevieira@example.net,F,45,Sampaio do Norte,BA,2023-12-28 09:06:41
384,Juan Garcia,kevinleao@example.net,M,34,Ramos,AP,2025-09-22 06:13:28
385,Felipe Ramos,cassianomaria@example.com,M,43,Mendes de Goiás,ES,2025-03-21 15:53:53
386,Dr. Kevin Carvalho,hcamargo@example.com,F,42,Nogueira,PA,2025-05-12 03:44:06
387,Sr. Nicolas Silveira,bernardocamargo@example.net,F,37,da Cunha do Norte,ES,2024-08-04 19:40:24
388,Ana Cecília da Paz,ramosana-julia@example.org,M,27,Oliveira,MS,2024-08-06 19:05:10
389,Evelyn Souza,maria-eduarda86@example.com,F,62,Oliveira,PE,2024-06-22 05:30:48
390,Otávio Fonseca,oguerra@example.net,M,53,Pimenta do Norte,AM,2024-07-22 07:44:34
391,Pedro Miguel Câmara,garaujo@example.org,F,51,Moura Grande,PI,2024-02-26 11:49:51
392,Pietro Moraes,xsilveira@example.com,F,57,Pires dos Dourados,AC,2024-09-16 12:09:02
393,Sra. Giovanna Pinto,eloah27@example.org,M,36,Souza da Mata,RJ,2025-02-21 07:42:00
394,Liam Sales,cavalcantemaya@example.net,M,54,Vasconcelos Paulista,SP,2025-02-10 11:54:43
395,Dom Gomes,stephanyrezende@example.org,M,43,Sales,AM,2025-07-23 04:51:27
396,Luiz Miguel da Mata,caldeiramaria-julia@example.net,F,62,Montenegro,AP,2024-11-09 00:03:59
397,Ryan Souza,theo02@example.com,M,50,Aparecida da Mata,RR,2024-11-20 01:36:25
398,Maria Flor Novaes,lopesfernando@example.org,M,38,Martins,RN,2024-11-22 23:07:18
399,Theo Moraes,fda-mata@example.org,M,21,Cavalcanti,ES,2025-10-02 09:41:09
400,Marina Carvalho,evelyn08@example.com,F,47,Pires,TO,2024-03-31 13:47:28
401,Thomas Ramos,ana-juliagoncalves@example.com,M,26,Marques da Serra,RS,2025-08-09 14:45:20
402,Juliana Cirino,ian59@example.net,M,48,da Mota Alegre,TO,2024-02-08 02:45:46
403,Luigi Macedo,lucas-gabrielcardoso@example.org,M,53,Freitas de Pires,MG,2024-05-06 09:43:24
404,Ana Vitória Peixoto,teixeirapietra@example.com,O,23,Câmara da Praia,AP,2025-04-19 06:49:34
405,Dra. Maya Melo,nina09@example.org,M,45,Freitas,AC,2024-10-05 18:06:43
406,André da Rocha,kevincavalcanti@example.com,F,32,Novais,PA,2024-03-26 17:34:58
407,Levi Ribeiro,lda-cunha@example.com,F,47,Guerra da Mata,DF,2025-07-21 04:23:54
408,Maria Eduarda Costa,scunha@example.org,M,19,Melo do Amparo,RO,2025-09-21 20:57:19
409,Cecilia Porto,anthony68@example.net,F,25,Abreu,RR,2025-06-27 11:09:44
410,Luan Ferreira,pimentaluna@example.net,M,62,Nunes da Mata,AC,2025-09-01 11:16:24
411,Guilherme Silveira,oliviapimenta@example.net,F,23,Guerra,RO,2024-11-02 08:27:12
412,Maria Vitória Correia,isabella02@example.net,O,21,Abreu,SP,2025-11-03 02:36:20
413,Clarice Correia,camposthomas@example.com,M,50,Sampaio,GO,2024-10-14 19:16:22
414,Bella Mendes,agathaaraujo@example.org,F,29,Casa Grande das Flores,MG,2025-09-10 18:24:41
415,Liz Silveira,rrios@example.org,M,43,Cavalcanti da Serra,SC,2025-08-30 08:46:05
416,Davi Luiz Albuquerque,fvieira@example.org,F,55,Fernandes do Sul,PA,2025-04-09 14:58:59
417,Davi Lucas Aparecida,moreirathiago@example.org,F,28,Porto,MS,2025-08-15 17:23:23
418,Olívia Ferreira,raquel19@example.com,F,30,Cavalcanti de Minas,MA,2024-12-04 18:10:52
419,Larissa Farias,grios@example.com,F,50,das Neves de Teixeira,PR,2024-01-22 15:30:49
420,Carolina da Mata,fernandesravi-lucca@example.net,M,27,Rocha,RJ,2025-10-26 20:51:18
421,Lara Cavalcante,calebesouza@example.org,F,27,Mendonça de Marques,RN,2025-09-18 22:32:45
422,Liam Dias,natalia03@example.net,O,30,Vieira Verde,ES,2025-11-09 14:33:16
423,Srta. Maria Liz Dias,thomasfreitas@example.com,F,37,Lima do Galho,RR,2025-05-12 05:35:11
424,Clarice Fogaça,xleao@example.com,M,54,da Luz Paulista,DF,2024-10-26 16:17:09
425,Miguel Marques,juliagoncalves@example.org,M,26,da Mata das Pedras,SC,2025-05-16 19:52:10
426,Caroline Casa Grande,limagustavo-henrique@example.org,F,41,Nunes,BA,2024-07-07 00:31:04
427,Letícia Nascimento,nascimentonathan@example.org,F,52,Gonçalves Verde,PB,2025-07-23 07:40:31
428,Dante Dias,fda-cunha@example.org,M,22,Sales da Prata,RJ,2025-10-11 09:12:18
429,Caio Azevedo,emanuellacorreia@example.com,F,61,da Paz dos Dourados,PA,2024-06-10 07:00:28
430,Dra. Maria Isis Porto,rodrigoguerra@example.org,M,28,da Mata,RN,2024-01-31 05:58:52
431,Maria Flor Brito,ymartins@example.org,F,29,Montenegro de Goiás,SC,2025-07-03 05:46:52
432,João Vitor Casa Grande,cauavieira@example.com,M,18,da Rosa de Nunes,DF,2024-03-23 01:28:27
433,Srta. Aurora Albuquerque,lcassiano@example.net,F,39,Silveira de Souza,AM,2025-02-08 02:40:43
434,Maria Helena Nogueira,heloisa51@example.net,M,46,da Cruz,PB,2025-08-01 00:01:12
435,Sarah Teixeira,enzo77@example.org,M,58,Duarte,PB,2025-04-27 20:12:45
436,Melissa Moura,maria-eduardamendonca@example.org,F,47,da Costa de Fernandes,AP,2024-03-22 01:19:39
437,Dr. Benjamim Moreira,lopesdiego@example.org,F,54,Freitas,AM,2025-09-24 23:14:49
438,Calebe Sá,da-matamelina@example.com,F,31,Pimenta,RO,2025-07-14 12:57:00
439,Francisco Correia,da-pazallana@example.com,F,21,Pastor de Rodrigues,RO,2024-09-22 18:43:54
440,Gabrielly Câmara,portoaylla@example.org,M,59,Ferreira da Praia,AP,2025-02-01 16:15:28
441,Maria Liz Camargo,cardosopedro-henrique@example.com,M,57,Rezende,BA,2024-11-06 05:27:02
442,Theo Correia,zsouza@example.net,M,57,Vasconcelos,PR,2025-05-18 16:43:14
443,Apollo Câmara,wbarbosa@example.net,M,55,Cassiano de Porto,TO,2025-10-25 21:58:42
444,Henry Gabriel Leão,ramosjoao-felipe@example.net,F,32,Lopes,BA,2024-05-01 03:36:24
445,Sra. Sofia Viana,iaragao@example.net,F,34,Castro,RR,2024-08-11 04:12:30
446,Matheus Marques,diogo64@example.org,F,19,da Rosa Verde,RO,2025-03-20 15:02:11
447,Dra. Bella Castro,silveiramarina@example.com,F,57,Correia,MT,2024-03-29 04:59:02
448,Benjamin Mendonça,ester09@example.com,M,56,Mendonça de Goiás,SC,2024-06-17 10:13:37
449,Calebe Nunes,cecilia46@example.net,M,23,da Conceição de Minas,RR,2025-06-12 12:56:45
450,Kamilly Almeida,manuela89@example.net,M,25,Ramos de da Mota,PA,2025-01-07 02:49:21
451,Gabriela Pimenta,tsales@example.com,F,32,da Mata do Amparo,MG,2025-04-19 14:50:48
452,Brayan Mendonça,rebeca21@example.com,F,50,Costela,AM,2024-11-18 23:30:16
453,Lucas Gabriel Aragão,da-luzana-laura@example.net,F,56,Nogueira das Flores,PA,2024-09-09 01:09:46
454,Luísa Viana,camaraliam@example.net,F,46,Azevedo do Galho,SC,2024-01-28 16:08:41
455,Hadassa Pinto,vitor-gabrielda-cunha@example.org,M,50,Aparecida de Leão,AP,2025-05-13 17:52:03
456,Arthur Gabriel Cassiano,costadaniel@example.org,F,44,Costela do Campo,PB,2025-12-03 06:05:42
457,Dr. Danilo Almeida,kmoreira@example.com,F,21,Silveira,RS,2024-07-14 03:24:51
458,Diogo Azevedo,jose-pedro38@example.com,F,27,Teixeira do Galho,MG,2025-07-09 09:11:26
459,Pietro Cavalcante,pjesus@example.net,F,27,da Mata,PI,2025-04-02 19:57:16
460,Ravi Lima,moreirarebeca@example.com,M,55,Costela,SC,2025-03-24 22:09:40
461,Nina Albuquerque,enovaes@example.org,F,64,Pinto,PR,2025-09-15 22:06:12
462,Luigi Almeida,livia56@example.net,F,41,Campos,SC,2024-03-07 12:49:42
463,Anna Liz Siqueira,caldeiraenrico@example.net,F,32,Freitas,RR,2024-02-22 07:41:20
464,Breno Vasconcelos,maria-laurabarros@example.com,F,22,Melo,SP,2024-10-01 06:11:42
465,Bárbara Cavalcanti,luiz-henriqueviana@example.org,F,21,Silveira Paulista,MS,2025-10-14 12:34:04
466,Pedro Lucas Casa Grande,erickborges@example.com,F,19,Souza,GO,2024-04-26 14:04:03
467,Ian Castro,joaquimalves@example.net,M,53,da Mota,MT,2025-10-07 16:03:57
468,Otto da Mota,marcelajesus@example.com,F,60,Aragão de Minas,RJ,2024-01-12 18:03:25
469,Rhavi da Conceição,carolina36@example.com,F,37,Barros Alegre,AC,2024-03-17 05:16:38
470,Sra. Ana Cecília Azevedo,pietrogomes@example.net,M,27,Fogaça do Galho,SE,2024-08-08 21:25:54
471,Bella Nascimento,diegovieira@example.net,M,23,Castro do Amparo,RS,2024-03-17 04:15:25
472,Sra. Vitória da Mota,silveiraeduardo@example.org,M,64,Cunha,BA,2025-11-07 20:56:41
473,Marcos Vinicius Albuquerque,portolivia@example.net,M,60,Cardoso do Galho,PI,2024-01-04 22:46:38
474,Rodrigo Borges,danielcirino@example.com,M,30,da Costa,GO,2025-02-08 22:23:21
475,João Garcia,qpacheco@example.com,M,35,Nascimento,SP,2025-06-10 12:17:59
476,Davi Viana,anogueira@example.com,F,64,Ferreira de Goiás,MT,2024-05-26 13:15:32
477,Heitor Campos,maria-aliceda-rosa@example.net,F,60,Oliveira das Flores,RO,2024-02-13 12:07:34
478,Cecília Dias,cecilia26@example.org,F,53,Correia do Oeste,RO,2024-01-12 20:15:42
479,Lara Dias,bentoda-mata@example.com,F,22,da Mota,MS,2025-11-09 10:24:34
480,Luiz Henrique Dias,jpimenta@example.net,F,25,Costela,MS,2025-03-17 19:45:51
481,Emanuelly Novais,fernandadas-neves@example.net,F,45,Gonçalves Verde,MS,2024-04-12 08:40:01
482,Bárbara Oliveira,estersales@example.net,M,26,Silveira,TO,2025-07-11 06:23:30
483,Erick Moreira,dvasconcelos@example.com,M,46,Casa Grande,PR,2025-09-21 16:16:11
484,Isabella Fogaça,olivia76@example.com,M,58,Fernandes do Galho,AM,2024-09-09 13:02:59
485,Benicio Monteiro,joao-pedroda-luz@example.org,F,40,Ribeiro de Caldeira,DF,2025-04-13 11:07:06
486,Isaque Campos,jrodrigues@example.com,M,54,Carvalho de Cirino,PB,2024-02-05 14:35:25
487,Sr. Gustavo Sampaio,kcamargo@example.com,O,63,Castro,PI,2024-02-12 05:32:06
488,Bella Costela,asa@example.com,M,40,Melo do Galho,PB,2024-09-24 20:04:46
489,Maria Alice Costela,rodrigofernandes@example.net,F,57,Andrade da Mata,AC,2025-11-22 19:33:45
490,Srta. Zoe Mendonça,luara47@example.net,F,64,Cavalcante Grande,MG,2024-12-22 00:24:07
491,Luiz Fernando das Neves,baparecida@example.net,M,26,Novaes,RR,2024-08-26 01:11:34
492,Luiz Fernando Borges,ralmeida@example.org,M,43,da Cruz de Cavalcante,DF,2024-02-22 09:41:15
493,João Gabriel Cunha,novaisbruno@example.org,M,42,Pimenta,RO,2025-08-24 19:55:28
494,Yuri Fogaça,maria-laura43@example.org,F,55,da Mota do Amparo,AM,2025-10-28 16:00:28
495,Enrico Vasconcelos,alicia69@example.org,M,35,Barros,MG,2025-03-13 12:13:48
496,Maya Fonseca,henry-gabrielmelo@example.org,F,44,Melo da Mata,RS,2025-04-22 11:59:41
497,Fernando Freitas,aliciasampaio@example.com,M,60,Sousa,AM,2024-04-03 10:23:09
498,Clarice Pereira,fjesus@example.net,M,41,Sá,RO,2024-04-03 06:58:48
499,Rebeca Aparecida,oliveirastephany@example.net,F,23,Sousa das Pedras,MG,2024-04-22 22:11:38
500,Gustavo Henrique Nascimento,azevedoluiza@example.org,M,50,Vasconcelos,RS,2025-05-29 07:51:32
501,Sra. Mariana Sales,alveseloa@example.net,M,60,Nogueira dos Dourados,RO,2025-02-28 07:44:56
502,Sarah Borges,rpinto@example.com,F,45,Alves,AC,2023-12-15 13:35:46
503,Luiz Henrique Teixeira,laissilveira@example.org,M,24,da Mata,SC,2024-12-26 14:30:10
504,Ravi Lucca Gonçalves,joao-vitor87@example.com,O,58,Freitas,TO,2025-03-21 21:55:04
505,Maria Helena Teixeira,oliverbarros@example.com,M,39,Farias,AC,2025-09-22 21:58:19
506,Sr. João Gabriel Melo,sda-mota@example.net,M,57,da Cunha de das Neves,MT,2024-10-31 06:49:40
507,Eduardo Azevedo,qbarbosa@example.org,F,18,Aparecida,RN,2025-10-11 03:00:13
508,Davi Luiz Silveira,gdas-neves@example.org,M,47,Correia Alegre,GO,2025-02-01 06:56:59
509,Maria Julia Nogueira,yborges@example.net,F,36,das Neves Verde,MG,2024-07-09 21:35:14
510,João Gabriel Camargo,rochaotto@example.com,M,47,da Cunha,SP,2025-01-17 05:40:34
511,Lunna Lima,mourathiago@example.com,M,62,Moura de Duarte,RS,2024-01-08 17:42:53
512,Isadora Barros,cavalcantiisabella@example.org,M,33,da Conceição do Oeste,PB,2024-05-28 22:12:35
513,Caio Costela,leaomurilo@example.com,F,35,Duarte,AL,2024-05-20 11:36:36
514,Srta. Isabel da Rosa,luiz-fernando24@example.com,M,64,da Cunha,RO,2025-12-06 14:58:16
515,Lunna Sá,leonardopires@example.com,F,45,Dias das Flores,PI,2024-06-05 23:12:59
516,Luan Macedo,zmelo@example.com,F,47,Leão,AP,2024-08-22 12:20:47
517,Vitor Gabriel Nogueira,manuellada-paz@example.com,F,21,Cavalcanti de Nogueira,RS,2024-09-03 16:22:01
518,Bernardo Moura,bvieira@example.net,M,46,Silva,SE,2024-09-29 07:17:49
519,Lorenzo Freitas,davi-lucca66@example.net,M,20,Pinto,MT,2024-06-13 18:22:10
520,Luiz Otávio Fogaça,ian10@example.net,M,27,da Rosa da Prata,SC,2023-12-16 12:56:34
521,Cecília Casa Grande,ana-carolina99@example.com,F,51,Ferreira de Jesus,MT,2025-10-07 10:53:11
522,Luiz Miguel Souza,vasconcelosbarbara@example.net,M,40,Pacheco da Prata,AL,2025-05-01 17:19:48
523,Noah Casa Grande,aurora16@example.net,O,49,Monteiro das Flores,SC,2024-03-31 18:58:04
524,Maria Clara Viana,limajulia@example.org,F,46,Martins,BA,2025-07-27 09:55:54
525,Dr. Pedro Lucas Sá,leosales@example.com,M,20,Nunes,SC,2024-10-23 19:20:42
526,Ana Beatriz da Mota,daniela18@example.net,M,25,Ribeiro,CE,2025-06-13 12:35:30
527,Sra. Maria Luiza Moraes,pintoluana@example.org,M,64,da Cruz do Sul,DF,2023-12-15 15:33:24
528,Arthur Azevedo,camargoluiza@example.net,F,50,Sá,AM,2025-03-03 05:49:04
529,Srta. Emilly Sampaio,brunacaldeira@example.org,F,25,Montenegro do Sul,PE,2024-05-04 20:24:20
530,Davi Miguel Alves,milena39@example.org,M,49,da Paz de Teixeira,MA,2024-12-11 17:38:25
531,Heloisa Cavalcanti,samuel26@example.net,O,49,Almeida,AC,2024-07-01 20:35:27
532,Melissa Viana,davi-lucca53@example.net,F,60,Silveira da Mata,PB,2025-10-22 13:54:25
533,Ana Liz Melo,dantedias@example.com,O,54,Leão,RR,2025-07-25 22:13:36
534,Matheus Araújo,maria-alice86@example.org,M,31,Cunha Verde,MT,2025-07-17 10:00:38
535,Alice da Cunha,duartebryan@example.com,M,35,Martins das Flores,PA,2025-11-23 22:46:38
536,Matheus da Paz,igor24@example.com,M,24,da Cunha,PB,2024-11-12 20:32:59
537,Dr. Vinícius Vieira,beatrizazevedo@example.com,F,38,Fogaça,RN,2025-08-03 00:16:33
538,Isabel Pastor,ypastor@example.com,M,36,Nunes de Minas,RJ,2024-08-08 18:02:15
539,Maria Clara Almeida,camaravalentim@example.net,F,35,Nascimento de Leão,MG,2024-11-21 15:16:20
540,Ian da Costa,vianahellena@example.org,F,64,Cardoso,AM,2025-02-16 00:15:54
541,Dra. Sophie Cavalcante,joaquimcavalcanti@example.org,F,28,Rocha,ES,2024-09-23 08:54:45
542,Maria Vitória Cirino,lucca60@example.net,M,19,Machado Paulista,CE,2025-05-20 16:01:54
543,João Gabriel Farias,eloafonseca@example.org,M,29,Ferreira do Oeste,BA,2024-01-30 10:52:06
544,Eduarda Mendonça,antonella85@example.org,F,54,Cassiano do Norte,GO,2025-05-22 07:07:21
545,Levi Pimenta,vcassiano@example.org,M,47,da Mata Grande,RO,2025-02-14 00:38:41
546,Aylla Caldeira,lorenzopimenta@example.org,M,61,Novais do Amparo,MG,2024-09-28 21:18:21
547,Antonella Moreira,rmachado@example.com,M,39,Mendonça do Norte,AL,2024-08-18 05:38:33
548,Pedro Lucas Moreira,marcos-vinicius38@example.net,F,34,Rios,ES,2024-02-27 07:56:26
549,Caroline Mendonça,santosmaria-julia@example.org,F,63,Leão do Amparo,TO,2025-10-06 00:01:57
550,Sr. Raul Casa Grande,nunesjoana@example.net,M,49,Pimenta da Serra,DF,2024-02-17 06:59:45
551,Vitor Gabriel Araújo,eguerra@example.com,M,34,Macedo da Prata,PB,2024-03-16 06:20:48
552,Clara Sousa,maysasampaio@example.net,M,57,Pires,RN,2024-02-24 20:46:05
553,Lunna Araújo,heloisarodrigues@example.org,F,42,Dias,SP,2024-03-13 05:15:17
554,Dra. Helena Câmara,ida-rosa@example.com,M,39,Pacheco do Amparo,PE,2024-03-14 13:04:57
555,Olívia Cardoso,heitorrocha@example.org,F,21,Nunes da Praia,AM,2024-03-17 06:16:41
556,Olívia Jesus,rebecaoliveira@example.com,M,46,Lima,MG,2024-11-10 13:11:45
557,Emanuelly Cirino,arthur-miguelleao@example.net,M,40,Gomes,RR,2024-12-29 12:53:21
558,Srta. Ana Fonseca,maria-luisa35@example.org,F,23,Almeida,SP,2024-07-06 22:56:49
559,Letícia Ribeiro,fariaskevin@example.com,F,38,Lima da Prata,SC,2024-10-12 15:44:50
560,Olívia Fonseca,bryansampaio@example.com,F,58,da Paz,PB,2024-06-08 09:13:45
561,Dra. Lavínia Pinto,alicia12@example.net,M,34,Guerra,PA,2025-07-07 15:05:29
562,Bianca Aragão,avieira@example.com,M,55,Sousa Grande,PI,2024-07-09 05:22:52
563,Dr. Davi Luiz Almeida,liz71@example.com,F,40,Melo de Goiás,PA,2025-01-19 22:28:32
564,Sra. Letícia Sampaio,ucirino@example.org,M,39,Monteiro,SC,2024-12-02 20:54:44
565,Caroline Fernandes,qaraujo@example.org,M,48,Jesus do Amparo,RJ,2024-04-09 05:47:54
566,Davi Lucas Porto,sviana@example.org,F,57,da Mota do Campo,AP,2025-05-10 21:40:43
567,Dante Ramos,luanacavalcanti@example.net,M,62,Caldeira do Oeste,DF,2024-12-22 23:21:20
568,Ester Vargas,pabreu@example.com,F,24,Rios,PE,2025-02-26 11:14:28
569,Asafe Silveira,cvieira@example.com,F,34,Araújo,CE,2025-10-14 01:18:36
570,Raquel Almeida,isabela34@example.net,M,45,Albuquerque Paulista,AP,2025-10-18 07:36:31
571,Eloah Ribeiro,ncunha@example.org,F,63,da Rosa do Norte,MA,2025-03-30 23:06:42
572,Matteo Fernandes,agatha58@example.org,M,60,da Costa do Sul,RR,2025-04-20 20:26:24
573,Isadora Porto,oliviacavalcanti@example.net,M,53,Camargo de Barbosa,RS,2025-04-04 23:01:46
574,Olivia Aparecida,paulo53@example.org,F,46,Cassiano,AP,2024-06-12 21:03:37
575,Pedro Henrique Ferreira,heloisada-paz@example.com,M,57,Gomes,DF,2024-08-04 16:06:58
576,Matteo Mendes,cdas-neves@example.net,M,53,Santos,MG,2024-11-07 11:14:55
577,Bernardo Cavalcanti,matheus93@example.net,F,56,Costela dos Dourados,PB,2024-03-24 15:44:24
578,Maria Luiza Rocha,ana-vitoriarodrigues@example.com,F,51,Sousa,AP,2024-10-29 12:06:10
579,Isaac Sousa,zalves@example.org,M,41,Gonçalves,MG,2024-11-13 04:09:29
580,João Gabriel Cardoso,zvasconcelos@example.org,F,22,Dias,PR,2024-04-08 05:38:12
581,Dr. João Miguel Nunes,joaquim79@example.org,F,53,Lopes Paulista,GO,2025-10-12 11:36:51
582,Eloá da Paz,rhavi43@example.org,F,36,Araújo,RO,2024-07-14 11:14:12
583,Benjamim Pires,xsilva@example.com,F,60,Aragão,SP,2025-07-23 00:37:46
584,Brayan da Rosa,maria-cecilia69@example.org,F,62,Rocha de Machado,MT,2025-05-01 22:49:41
585,Dom Nascimento,lucas40@example.com,M,26,Cavalcante da Prata,PR,2024-01-23 11:10:09
586,Caleb Rodrigues,benicio15@example.org,F,26,Araújo da Mata,AL,2025-11-06 22:29:07
587,Brayan Casa Grande,fernandomarques@example.net,M,34,Montenegro do Amparo,ES,2024-02-20 12:52:04
588,Dr. Dom Azevedo,isaacandrade@example.com,M,60,Aragão de Melo,MG,2025-08-31 09:41:45
589,Kevin Caldeira,diasmelina@example.net,F,42,Cassiano de Pacheco,DF,2025-05-23 16:40:17
590,Vitória Araújo,luiz-felipelima@example.org,M,20,Cardoso,SE,2025-10-20 06:01:09
591,Kamilly Rios,alice27@example.org,M,61,Barros do Sul,RS,2025-09-21 06:23:16
592,Ana Liz Camargo,rodriguesjulia@example.org,F,47,Cardoso,MG,2025-05-07 16:42:20
593,Matteo Cirino,ana53@example.org,M,29,Azevedo Verde,AP,2025-07-04 19:44:50
594,Beatriz Camargo,ferreiravalentim@example.org,M,61,Santos do Campo,PA,2024-05-07 19:55:55
595,Amanda Sales,sarahfogaca@example.com,F,34,Mendes,GO,2025-06-02 18:23:12
596,Marcela Rios,rjesus@example.org,F,64,Cunha do Campo,GO,2025-08-23 07:01:05
597,Sr. Cauê Novais,luansiqueira@example.org,M,33,Moraes,ES,2024-08-10 08:18:48
598,Nina Ribeiro,gcavalcante@example.org,F,25,Gomes,PB,2024-07-22 23:13:58
599,Sophia Vieira,maria-luisa75@example.com,F,34,Pereira Verde,AC,2025-02-16 12:57:47
600,Caroline Ferreira,antonella99@example.com,F,33,Dias,RO,2024-08-16 19:05:39
601,Cecilia Pinto,uborges@example.net,F,42,Moura da Serra,CE,2024-01-02 05:45:05
602,Valentina Albuquerque,ana-juliada-conceicao@example.org,F,29,Gonçalves de Lima,ES,2024-11-22 19:31:45
603,Milena das Neves,ypastor@example.org,M,43,Freitas,RN,2025-09-05 18:02:37
604,Matteo Guerra,rcostela@example.org,M,43,da Mata do Sul,SP,2024-03-31 07:43:08
605,Francisco Mendes,sara27@example.com,M,27,Ramos,RO,2025-10-01 23:31:03
606,Srta. Clarice Ribeiro,almeidadom@example.com,F,34,Câmara do Sul,SP,2024-07-18 16:31:54
607,Bianca Porto,liz43@example.net,M,38,Cardoso do Oeste,SC,2024-12-06 19:33:54
608,Carlos Eduardo Borges,maria60@example.org,M,24,Correia,PA,2025-09-21 10:18:13
609,Milena Ramos,liz12@example.net,M,24,Casa Grande,MS,2025-06-13 07:36:41
610,Isis Sales,diego26@example.net,M,25,Moura de Lopes,MA,2024-07-19 19:02:51
611,João Vitor Rezende,hadassa18@example.org,O,40,Peixoto,RN,2024-01-04 13:49:08
612,Léo Lima,enricopacheco@example.org,F,48,Vieira,BA,2025-03-06 10:12:17
613,Lucas Pires,anna-lizdas-neves@example.org,F,56,Cirino,ES,2024-12-11 06:13:37
614,Aylla Ramos,miguelcavalcante@example.org,M,59,Silveira,MT,2024-05-21 22:30:43
615,Srta. Nina Nascimento,leaomelissa@example.net,F,31,Jesus,MA,2024-11-20 01:34:55
616,Aurora Caldeira,leandrobarros@example.com,F,52,Jesus,RR,2024-03-24 15:20:22
617,Murilo Rodrigues,cauasiqueira@example.net,F,62,da Rosa do Norte,CE,2024-05-05 17:56:27
618,Anthony das Neves,vitoria15@example.org,M,54,Machado de Sá,MA,2025-06-20 04:59:09
619,Davi Miguel Correia,ana-vitoria75@example.com,F,43,da Conceição,RR,2025-06-11 02:53:05
620,Carlos Eduardo Souza,marinamartins@example.com,F,61,Camargo de Vasconcelos,MS,2025-04-20 04:51:52
621,Olívia Rios,ana-claramoura@example.org,F,21,Pastor,SC,2024-10-28 15:31:50
622,Sra. Lavínia Nunes,bdias@example.com,F,42,Moreira,MG,2025-04-14 04:00:03
623,Sophie Cirino,antonellapires@example.com,F,50,Andrade,MT,2024-05-24 06:45:21
624,Ágatha Gomes,sampaiomirella@example.net,F,59,Pereira de Goiás,SC,2024-08-13 23:09:59
625,Antonella Macedo,luana65@example.org,F,19,Costela,PI,2025-09-16 21:48:40
626,Enzo Machado,silvabianca@example.net,M,59,Mendonça de Goiás,RR,2024-08-29 04:11:48
627,Lucas Sousa,nathanda-conceicao@example.net,O,30,Lima de Goiás,MT,2025-10-14 10:56:37
628,Pedro Henrique Teixeira,fda-mota@example.com,F,49,Silveira do Amparo,GO,2024-05-17 04:15:34
629,Rael Câmara,manuelamontenegro@example.com,F,56,da Luz,DF,2025-03-17 02:27:46
630,Guilherme Dias,vitoriaandrade@example.net,M,46,Pereira,RO,2025-07-17 19:55:44
631,Luiz Otávio Cavalcante,juliasampaio@example.com,F,46,Campos,PR,2025-03-13 15:29:28
632,Sr. Leandro Teixeira,bnovaes@example.net,M,61,Viana,PA,2025-08-22 04:57:02
633,Pedro Henrique Cavalcante,oliveirafernanda@example.net,F,61,da Luz,PA,2025-06-20 07:06:47
634,Kaique Silva,jsousa@example.org,O,27,Araújo de Nunes,TO,2024-02-23 00:27:29
635,Cecilia Correia,joao-vitor19@example.net,M,56,Porto,BA,2025-03-08 20:53:13
636,Rael da Conceição,da-motaisabelly@example.com,F,18,Vasconcelos Verde,RS,2025-10-07 09:30:10
637,Rael Pimenta,leandrofogaca@example.net,M,20,Câmara do Amparo,RR,2024-07-21 16:26:58
638,Théo Silveira,maria-luiza03@example.com,M,47,Vargas,ES,2024-11-28 05:52:43
639,Elisa Barbosa,viniciusoliveira@example.com,F,35,Rocha do Oeste,SP,2025-07-24 03:32:11
640,Nicole Porto,leandropeixoto@example.com,M,42,Pereira da Serra,AP,2025-10-04 03:02:09
641,Lucas da Mota,jcastro@example.net,M,63,Porto do Campo,PB,2023-12-15 18:23:50
642,Rhavi Cirino,maria-vitoriaramos@example.com,M,32,Vargas,SP,2024-04-21 05:31:51
643,Dr. Alexandre da Costa,marcelopastor@example.org,M,41,Moraes de Minas,MA,2024-05-02 16:30:02
644,Dr. João Pedro Mendes,elisasantos@example.org,M,54,Jesus,AC,2025-10-11 00:23:02
645,Maria Alice Vasconcelos,rafael79@example.com,F,60,Monteiro,SP,2024-12-14 13:08:31
646,Olívia Freitas,eloaharaujo@example.net,F,56,Mendes,MG,2024-03-24 11:39:46
647,Ana Clara Moraes,epires@example.org,F,63,Câmara,AC,2025-04-10 02:57:06
648,Arthur Gabriel Camargo,miguelda-rosa@example.org,F,30,Almeida,RN,2024-12-26 13:40:27
649,André Peixoto,ana-juliaaparecida@example.net,O,24,Fonseca de Nunes,RN,2025-03-31 10:32:20
650,Luísa da Paz,mendesbarbara@example.net,O,25,da Paz,PB,2024-07-02 06:44:10
651,Ian Barbosa,claricecasa-grande@example.net,F,62,Melo Alegre,PR,2024-06-05 07:56:04
652,Sra. Maria Cecília Fogaça,samaria-liz@example.net,M,60,Cavalcante do Sul,SE,2024-09-24 17:14:43
653,Ana Luiza Oliveira,wmartins@example.com,M,43,Mendes de Peixoto,AM,2025-08-16 12:48:12
654,Davi Lucca Rodrigues,brunoda-paz@example.net,M,20,da Mata,SE,2025-07-24 01:34:04
655,Maria Luísa Fonseca,juanbarbosa@example.net,F,22,Almeida,GO,2024-03-21 01:28:19
656,Francisco Borges,mariane02@example.com,M,64,Ribeiro,RN,2025-03-26 19:56:53
657,Srta. Pietra Rodrigues,claricecaldeira@example.net,M,26,Gomes Alegre,PE,2023-12-28 19:57:22
658,Helena Macedo,zteixeira@example.com,F,59,Dias do Oeste,SC,2025-10-24 21:02:13
659,Sr. Murilo Azevedo,pedro-miguel93@example.org,F,35,Pimenta de Farias,AP,2024-12-14 00:30:56
660,Henry Gabriel Lopes,pietravasconcelos@example.com,F,41,da Rosa das Pedras,PB,2025-03-03 07:14:02
661,Brayan Pinto,xvasconcelos@example.org,F,52,Azevedo Verde,GO,2025-05-16 07:28:18
662,Paulo Brito,asafe83@example.com,M,64,Costa do Campo,AM,2025-03-09 02:20:56
663,Davi Miguel Mendonça,monteirolavinia@example.com,M,21,Mendonça,RR,2024-07-02 19:43:11
664,Milena Guerra,diogo77@example.net,F,51,Borges de Pires,SC,2025-09-25 15:17:02
665,Maria Helena Farias,pachecoerick@example.net,M,20,Vasconcelos do Campo,PB,2024-01-05 17:00:26
666,Dr. Rael Sousa,maria-luiza19@example.org,M,46,Santos,RR,2025-04-19 03:02:57
667,Gabrielly Lima,fogacamaite@example.com,F,42,Moura,RR,2025-05-17 18:22:45
668,Isis da Conceição,hadassa01@example.net,F,59,Sá,RS,2023-12-29 00:11:38
669,Sra. Elisa Martins,dnovais@example.org,F,57,Barros,MG,2025-02-18 01:03:35
670,Sra. Mariah Ramos,isabelmacedo@example.org,F,28,Silveira,SC,2024-10-21 06:52:37
671,Maysa Farias,isaque27@example.com,M,41,Montenegro Verde,RO,2024-09-30 19:22:14
672,Breno Aparecida,da-motaarthur@example.org,M,55,Pimenta,PE,2025-02-01 21:59:21
673,Dra. Melissa Azevedo,mendoncamaria-flor@example.org,M,22,Jesus,PA,2024-06-24 16:59:21
674,Maria Sampaio,davi43@example.org,M,35,Guerra do Sul,RO,2024-09-20 03:58:43
675,Yuri Vieira,joao-felipecampos@example.org,M,30,Melo,MG,2024-11-15 07:57:34
676,Dr. Ryan Lopes,ppimenta@example.com,F,30,Vargas,RS,2025-02-06 15:45:21
677,Kamilly Novaes,roliveira@example.org,F,57,Oliveira da Mata,PB,2025-10-27 17:45:00
678,Caio Cavalcante,lleao@example.net,F,46,Gonçalves da Praia,MA,2023-12-30 03:15:06
679,Carolina Almeida,siqueiramelissa@example.net,F,20,Araújo,RS,2023-12-29 01:15:26
680,Pietra Ramos,anthony-gabrieldas-neves@example.com,M,51,Cassiano,RR,2024-09-10 01:35:41
681,Stella Viana,santosthomas@example.net,F,30,Fogaça do Norte,CE,2024-10-21 15:51:51
682,Sra. Maria Isis Costa,luiz-otavio03@example.net,M,23,Aragão,PB,2024-09-15 21:13:49
683,Gael Silveira,zsiqueira@example.net,F,33,Abreu,MT,2025-06-03 15:09:39
684,Sr. José Miguel Guerra,fonsecapietra@example.org,F,50,Souza de Pereira,PE,2025-08-04 09:24:35
685,Dra. Emanuelly Souza,bellacavalcante@example.net,M,58,Gomes da Mata,MS,2025-11-28 07:36:48
686,Maria Júlia Aragão,nascimentostephany@example.com,M,62,Pastor,MG,2024-08-29 09:07:34
687,Dra. Ana Beatriz Cavalcanti,biancacamargo@example.net,F,59,Gomes,AM,2025-03-05 07:05:45
688,Gael Araújo,ada-rocha@example.org,M,44,Nascimento dos Dourados,AL,2025-05-14 12:35:59
689,Antônio Marques,zcastro@example.org,F,24,Sousa,PB,2025-05-21 08:13:37
690,Laís Montenegro,dmoraes@example.net,F,62,Castro da Serra,CE,2024-12-11 02:09:39
691,Mariana Moraes,gda-cunha@example.org,F,48,da Cunha,SE,2025-01-16 13:54:17
692,João Almeida,nfarias@example.org,F,27,Gonçalves de Almeida,RO,2025-10-21 02:18:35
693,Lara Rodrigues,anthony-gabrielnunes@example.net,F,47,Alves,SP,2024-01-10 19:40:53
694,Ana Gomes,araujocecilia@example.org,F,35,Barros de Farias,CE,2025-11-14 13:31:45
695,Rebeca Correia,maria-juliamachado@example.net,F,31,Campos do Oeste,MA,2024-08-12 06:43:17
696,Bárbara da Cunha,theodoro44@example.net,F,29,da Cunha,SP,2025-08-19 16:38:14
697,Marcela Marques,fmelo@example.com,M,49,Pires Verde,SE,2024-01-13 17:47:09
698,Rhavi Cunha,fernandonascimento@example.org,M,44,Gonçalves,PB,2024-02-29 02:45:48
699,Theodoro Pinto,joao-gabrielvargas@example.com,O,34,Moraes de Nogueira,RO,2025-01-14 17:36:41
700,João Guilherme Oliveira,rezendehadassa@example.org,M,51,Guerra,AC,2024-02-05 23:01:47
701,Clara Novais,marquesmaya@example.org,F,41,Silva de Goiás,ES,2025-10-25 00:35:27
702,Maysa Martins,pintoravi@example.org,F,23,Novais,PA,2024-08-29 21:23:46
703,Hadassa Silva,hadassasantos@example.net,M,24,Freitas,MA,2024-08-24 03:40:02
704,Sr. João Gabriel Ribeiro,liz95@example.net,F,49,Cirino da Mata,BA,2025-05-16 13:10:23
705,Diogo Lima,asafe89@example.com,F,45,Pires,MS,2024-06-16 02:44:53
706,Davi Machado,mariana16@example.net,F,47,Gonçalves,TO,2025-04-17 14:55:16
707,Mirella da Paz,yvargas@example.com,F,39,Azevedo,MG,2024-07-11 00:35:34
708,Carolina Vieira,levibarros@example.com,F,49,Montenegro de Cirino,SP,2025-10-30 13:47:33
709,Enzo Marques,holiveira@example.net,F,21,Montenegro Paulista,AP,2025-03-23 20:52:58
710,Srta. Maria Flor Cassiano,zda-conceicao@example.org,M,34,Garcia das Flores,PA,2024-09-18 12:47:14
711,Isabela Montenegro,kamillypimenta@example.com,F,34,Silveira de Macedo,RO,2024-04-03 11:59:26
712,Dom Novaes,otaviocampos@example.org,F,18,Martins de Rocha,RJ,2025-11-26 04:50:09
713,André da Luz,otto74@example.org,M,35,da Rocha,SC,2025-11-07 23:02:33
714,Noah Barbosa,alanasa@example.com,F,64,Sá do Norte,PI,2024-01-10 06:24:39
715,Augusto Borges,macedoaylla@example.net,O,53,Ramos,PB,2025-04-18 14:37:10
716,Bruno Cirino,antonellaalves@example.org,F,29,Cirino do Norte,MT,2025-10-05 12:29:19
717,Sofia das Neves,xda-paz@example.org,M,28,Pastor de Castro,AL,2025-06-09 09:02:53
718,Luara Silva,felipelima@example.com,F,64,Santos,RS,2024-01-18 02:11:52
719,Valentim da Cruz,sophie74@example.net,F,28,Pinto do Sul,AM,2024-02-23 09:11:36
720,Lorenzo Mendonça,andrerodrigues@example.org,F,43,Silveira,PE,2025-07-26 05:59:36
721,Maria Alice Cavalcante,fcorreia@example.com,M,51,Mendes do Amparo,AP,2024-12-16 07:40:12
722,Clarice Guerra,alanada-mata@example.com,O,34,Siqueira de Novaes,TO,2025-02-12 00:53:29
723,Ravy Almeida,da-rochaisis@example.org,M,58,das Neves,MG,2025-11-12 11:51:57
724,Luana Pastor,wfonseca@example.net,M,46,Rezende,RJ,2025-11-16 02:25:18
725,Laís Camargo,asafemelo@example.org,F,49,Mendonça,AL,2024-10-21 19:31:33
726,Dante Rodrigues,breno89@example.net,M,31,Camargo,AM,2025-04-11 01:12:50
727,Renan da Cunha,thiagofonseca@example.com,M,28,Monteiro de Andrade,SP,2024-10-07 17:29:27
728,Mariana Monteiro,qbrito@example.org,M,34,Ramos,PI,2024-05-25 13:03:25
729,Pedro Miguel Souza,gsiqueira@example.org,O,45,Fonseca,RJ,2024-12-17 23:41:30
730,Olivia Carvalho,novaisana-clara@example.com,F,64,Sá,PB,2024-05-10 05:10:59
731,Manuella Campos,azevedohadassa@example.net,M,37,Alves,SC,2025-01-04 10:51:24
732,Eloah da Costa,sabrina24@example.com,M,22,Casa Grande,AL,2024-05-16 04:09:02
733,Sr. Antônio Macedo,bellacasa-grande@example.org,O,18,da Costa do Galho,MS,2024-03-24 05:38:28
734,Pedro Miguel Duarte,mouraalexandre@example.org,M,55,da Conceição,MA,2025-10-18 01:32:39
735,Arthur Miguel Macedo,costelalucca@example.net,M,52,Araújo,MT,2023-12-20 10:03:12
736,Isis Montenegro,novaisravi@example.com,M,42,Moreira Alegre,ES,2025-10-05 13:42:01
737,Sr. Léo Porto,maria-sophiacarvalho@example.com,F,35,Rodrigues dos Dourados,BA,2025-09-12 08:35:23
738,Ana Carolina Abreu,borgescarolina@example.com,F,33,Freitas,PR,2024-08-03 16:02:25
739,Bárbara Pimenta,caue98@example.net,F,63,da Rocha,RJ,2025-08-01 01:05:33
740,Anthony Gabriel Fogaça,carolinacavalcante@example.com,M,46,Rios,RO,2024-09-11 00:11:29
741,Natália Araújo,carolinalima@example.net,F,32,Mendes,TO,2024-03-21 02:31:39
742,Lucca Cavalcante,beatriz07@example.com,M,24,Lopes,ES,2024-08-13 22:00:39
743,Agatha Pereira,das-nevesluiz-miguel@example.com,F,61,da Conceição,PB,2024-01-18 14:34:03
744,Clara Peixoto,andreteixeira@example.com,M,20,Câmara dos Dourados,PR,2025-01-13 00:24:08
745,Amanda Oliveira,novaespietro@example.com,M,32,Dias Alegre,MT,2024-05-27 02:59:29
746,Breno Castro,rochaana@example.org,F,31,Farias,AM,2023-12-24 13:07:50
747,Luigi Peixoto,marcelacamara@example.com,F,61,Cavalcanti de Rodrigues,PB,2024-07-09 13:43:20
748,Arthur Cavalcanti,dcaldeira@example.org,M,26,Pastor,MS,2024-05-13 12:56:09
749,Gustavo Silveira,leonardocardoso@example.org,M,39,Sales do Galho,AM,2024-04-06 04:41:40
750,Lunna Duarte,isis14@example.org,F,19,Rodrigues,AM,2024-04-13 21:56:43
751,Matteo da Mota,goncalvesaylla@example.com,F,28,Monteiro,MA,2025-06-07 23:11:40
752,João Gabriel Guerra,antony66@example.com,O,34,Borges,MG,2025-05-13 16:46:57
753,Julia da Rocha,tribeiro@example.com,M,35,Cavalcanti dos Dourados,MS,2024-01-29 03:44:18
754,Dante Fogaça,rhavinovaes@example.net,F,35,Silveira,PA,2025-06-14 01:49:44
755,Enzo Pimenta,amandacamara@example.net,M,48,Silveira,MS,2025-09-18 03:36:22
756,Luísa Cassiano,davi-luccaaraujo@example.net,F,28,Vasconcelos,SP,2024-10-08 19:20:09
757,Yago Aparecida,luiz-henriqueda-luz@example.com,F,50,Cavalcante de Aragão,AL,2024-06-23 09:31:31
758,Lavínia das Neves,ravyda-mata@example.net,F,58,Moura do Sul,PB,2023-12-21 22:34:35
759,Ana Lívia da Costa,oaragao@example.net,M,39,da Rosa do Oeste,RS,2025-10-11 14:07:36
760,João Gabriel Melo,eduardanascimento@example.com,F,58,Pimenta de Leão,AC,2024-07-05 05:29:48
761,Thomas Moreira,cpinto@example.net,M,63,Gomes,PR,2024-07-28 08:23:52
762,Dra. Maria Rezende,maria-alicerezende@example.org,M,33,Pinto,SE,2024-05-03 12:55:47
763,Júlia Pimenta,mathiasalbuquerque@example.net,F,45,Brito do Galho,MG,2025-02-02 10:42:15
764,Hellena da Cruz,eduarda61@example.com,F,27,Abreu Paulista,RR,2024-08-02 16:44:01
765,Bárbara da Mota,marinamelo@example.com,F,50,Souza do Norte,PB,2025-01-22 06:38:50
766,Cauã Macedo,maria-isis67@example.net,F,50,da Rocha,AC,2025-05-05 06:39:02
767,Nina Santos,emanuella09@example.org,F,47,Pires de Oliveira,PR,2024-06-05 11:33:33
768,Luísa Ribeiro,uvieira@example.net,M,43,Guerra,PB,2024-05-26 05:28:59
769,Leandro Machado,maria-luiza30@example.org,M,19,Moraes,RR,2025-09-06 13:24:38
770,Diego da Cruz,luiz-miguel58@example.net,O,43,Vargas,SP,2024-10-14 11:38:06
771,Marina da Costa,nicolasaragao@example.net,F,32,Pacheco,SC,2024-08-09 18:57:51
772,Maya das Neves,psantos@example.org,M,61,Oliveira,TO,2024-09-29 05:21:29
773,Vitória Castro,pnovais@example.net,M,28,Vargas do Galho,PE,2024-06-28 16:35:56
774,Anthony Gabriel Rezende,pcamara@example.com,M,23,Gomes dos Dourados,AL,2025-02-10 06:21:10
775,Luiza Gomes,larissa79@example.net,F,26,Nunes,AP,2024-01-29 06:49:15
776,Maria Helena Barros,britomariana@example.net,M,49,Lima,MG,2024-03-01 00:17:27
777,Ana Liz Teixeira,gael64@example.com,M,29,Cavalcante do Campo,RR,2025-11-05 13:58:42
778,Julia Costa,cassianolucca@example.org,F,45,Duarte,MT,2025-09-21 20:54:11
779,Emanuelly das Neves,mathiasalves@example.com,F,64,Monteiro da Serra,PR,2024-05-16 13:50:10
780,Ana Julia Cassiano,maya85@example.org,F,24,Lima,RS,2025-10-31 08:27:23
781,João Felipe Cavalcanti,macedothomas@example.net,F,33,Rios,SC,2025-05-26 22:26:05
782,Ágatha Costela,aferreira@example.org,F,39,Rezende,CE,2024-06-19 22:34:46
783,Laura Farias,azevedoaugusto@example.com,M,20,Mendes do Sul,PA,2024-08-27 17:15:39
784,Paulo Gonçalves,salesmaria-vitoria@example.org,M,59,Fernandes,MA,2024-12-22 13:33:19
785,Felipe Correia,isis95@example.com,M,35,Freitas Paulista,SC,2025-03-14 19:53:30
786,Aurora Jesus,ana-liviapastor@example.org,M,40,Pinto,PR,2025-08-23 14:57:50
787,Srta. Isabelly Andrade,henry32@example.com,F,42,Martins,BA,2023-12-14 00:42:15
788,Emanuel da Luz,vcassiano@example.net,F,36,Montenegro de Marques,CE,2024-11-19 09:50:06
789,Vitor Vargas,fernandesvalentina@example.net,O,53,Andrade,RO,2024-05-13 07:54:59
790,Dra. Maria Sophia Costela,fmacedo@example.net,F,46,Rocha,SE,2024-07-28 07:26:45
791,Olívia da Rosa,vasconcelosdiogo@example.org,F,49,Pimenta da Praia,RS,2025-04-04 10:42:34
792,Luara Rios,carvalhoyago@example.com,F,35,Moura,SE,2025-06-20 12:19:09
793,Dra. Aurora Peixoto,thiago13@example.net,M,36,Fogaça de Camargo,SP,2025-08-27 16:24:42
794,Yago Gomes,vitor12@example.org,M,49,Caldeira,PA,2024-09-17 04:10:17
795,Maria Júlia da Rocha,vianaluan@example.org,F,20,Caldeira do Amparo,PA,2025-10-02 12:49:08
796,Srta. Maria Júlia Lopes,iporto@example.net,M,52,Castro do Campo,AM,2024-05-15 17:33:20
797,Luara Mendes,rdas-neves@example.net,M,32,Alves,TO,2024-10-20 10:19:00
798,Luiza Porto,theodoroguerra@example.com,M,29,Oliveira do Norte,RO,2025-03-06 07:04:44
799,Srta. Kamilly Casa Grande,levipires@example.net,M,38,Moraes,RR,2023-12-22 12:36:25
800,Pietra Cirino,ana-cecilia69@example.com,F,41,Monteiro,GO,2024-04-01 17:23:47
801,Luiz Henrique Siqueira,enzo38@example.net,M,21,Nunes,MA,2025-11-28 20:25:41
802,Srta. Ana Cecília Viana,carvalhocecilia@example.com,F,37,Souza Alegre,AL,2024-07-24 01:56:13
803,Lavínia Cirino,calebmonteiro@example.net,F,49,Teixeira de Aparecida,PI,2024-03-11 06:45:12
804,Dr. Miguel Vasconcelos,marinasampaio@example.com,F,51,Nunes de Moreira,SP,2024-03-31 23:26:36
805,Davi Lucca Correia,isabelafernandes@example.net,F,19,Pimenta do Campo,MT,2024-10-02 17:33:21
806,Josué da Mata,lunnasilveira@example.com,F,53,da Conceição de Minas,RR,2025-11-13 04:41:16
807,Felipe Lopes,garciasofia@example.org,M,59,Costela,AM,2025-04-07 00:46:53
808,Bárbara Almeida,wbrito@example.com,O,29,das Neves,RJ,2024-07-22 14:53:34
809,Enzo Gabriel Moraes,da-costalivia@example.net,M,35,Montenegro de Ferreira,PA,2025-06-04 15:12:19
810,Josué Nascimento,julia91@example.net,F,32,Vieira do Campo,AP,2025-10-19 05:57:05
811,Ana Luiza da Mota,lopescaio@example.com,M,43,Porto das Pedras,RS,2024-05-02 07:54:09
812,Sr. Ravi Camargo,fcardoso@example.org,F,47,Abreu de Nunes,CE,2024-11-21 12:00:16
813,Gael Santos,da-rosaenzo@example.com,M,61,Rezende Grande,DF,2024-08-23 17:09:07
814,Giovanna Araújo,maria-eduardasales@example.net,M,19,Monteiro,MS,2025-08-26 22:50:48
815,Sra. Eloá Rodrigues,ppacheco@example.com,M,22,Santos,GO,2024-12-28 11:32:46
816,Caio Machado,tmontenegro@example.com,M,58,Aparecida,PA,2024-03-28 23:05:45
817,Bernardo Nascimento,ericklima@example.com,M,64,Cunha,AC,2024-02-06 10:27:36
818,Dr. Davi Lucas Moreira,zda-cruz@example.net,F,56,Almeida do Norte,GO,2025-03-07 08:29:25
819,Henry Monteiro,otto05@example.org,M,19,Caldeira de Carvalho,MG,2025-01-18 12:25:20
820,Bento das Neves,otto14@example.com,M,34,da Conceição,PR,2024-05-31 03:35:08
821,Vinicius Jesus,meloclara@example.com,M,45,Cassiano de Garcia,ES,2024-05-14 02:32:21
822,Luiz Miguel Marques,jose-miguelfonseca@example.com,M,54,Nascimento,RR,2025-06-09 20:42:55
823,Camila Machado,helena02@example.com,M,18,Viana das Flores,DF,2023-12-29 23:44:01
824,Sra. Júlia Barros,thiago70@example.org,F,53,da Mota,MT,2024-08-12 19:51:14
825,Bianca Gomes,garciaalana@example.com,O,64,Borges,PA,2024-10-23 16:52:51
826,Léo Fogaça,igor54@example.net,M,27,da Mata,TO,2024-02-02 07:22:15
827,Valentim Correia,carvalhoguilherme@example.com,M,31,Moraes da Praia,TO,2024-08-20 17:18:51
828,Lara Brito,matteoda-conceicao@example.org,M,46,da Paz das Pedras,MA,2025-04-28 14:13:50
829,Lara da Rocha,joao-vitormoreira@example.com,M,47,Montenegro de da Luz,RS,2025-07-25 22:07:15
830,Davi Lucas Pereira,calebecampos@example.org,M,22,da Conceição da Mata,SC,2024-12-26 06:03:26
831,Josué Porto,caleb45@example.net,M,60,Castro Verde,RO,2025-09-15 16:14:13
832,Rafaela Andrade,carlos-eduardobarbosa@example.org,F,37,Pinto do Oeste,ES,2025-03-26 14:56:39
833,Juan Rocha,maria-sophiarodrigues@example.com,M,60,Caldeira da Serra,RN,2025-11-18 05:41:29
834,Maria Julia Borges,dante97@example.com,F,54,Novaes,CE,2024-07-02 03:51:40
835,Dr. João Pedro Lima,da-rosaalana@example.org,F,61,Souza do Galho,MT,2024-11-22 08:51:34
836,Sra. Beatriz da Mata,davi-lucca65@example.com,M,64,Caldeira de Caldeira,MT,2025-01-14 16:58:42
837,Henry Gabriel Borges,anthony-gabrielaragao@example.net,F,61,Andrade,PR,2024-10-04 11:26:33
838,Liam Andrade,nduarte@example.com,F,37,das Neves de Porto,AP,2024-12-19 16:00:26
839,José Miguel Mendes,muriloalbuquerque@example.net,M,19,Pires,SE,2025-01-08 04:33:45
840,Isadora Pires,bento42@example.net,M,54,Pires de Costa,RR,2023-12-17 14:14:10
841,Srta. Gabrielly Siqueira,ana-luizarezende@example.net,F,46,Sales,DF,2025-03-02 19:49:23
842,Maria Luísa Correia,eda-paz@example.com,F,52,da Rocha do Galho,SC,2024-06-06 12:44:18
843,Alexandre Lopes,liam50@example.com,M,22,Nascimento,PE,2023-12-23 19:04:11
844,Josué Machado,fonsecamaria-isis@example.org,M,31,Santos,MT,2024-07-19 22:33:16
845,Rhavi Dias,bfernandes@example.org,F,37,Cirino dos Dourados,RN,2025-09-06 22:02:26
846,Dr. Pedro Miguel das Neves,kfonseca@example.com,O,41,Cunha de Alves,BA,2024-02-20 07:32:00
847,Asafe da Cruz,bella29@example.com,F,51,Aragão de Goiás,MG,2025-11-14 15:07:34
848,Eduarda Vieira,aragaobenicio@example.org,M,46,da Rosa de Barros,AP,2025-02-13 23:14:24
849,José Pedro Barbosa,kda-conceicao@example.net,F,48,Duarte,PE,2024-07-25 03:22:47
850,Henry Gabriel Moreira,henryporto@example.com,M,60,Moreira de Goiás,SP,2025-02-12 12:15:29
851,Yan Machado,isis62@example.net,F,61,Aragão,MA,2025-10-19 04:58:05
852,Luiz Felipe Rocha,aguerra@example.org,F,40,Moreira do Amparo,RO,2024-12-01 04:20:13
853,Maria Julia Costela,tmoraes@example.com,M,62,Silva,RS,2024-07-14 16:34:58
854,Maria Cecília Pinto,rodriguesluigi@example.net,M,59,Nascimento do Galho,PB,2024-09-25 23:23:03
855,Amanda Gonçalves,xcostela@example.com,F,25,Guerra de Barros,PI,2025-08-26 16:57:49
856,Lívia Machado,albuquerqueliz@example.net,O,18,Pacheco do Oeste,PB,2025-11-14 17:46:41
857,Elisa Albuquerque,ada-cunha@example.org,F,46,Mendes da Serra,PR,2024-05-05 21:38:44
858,João Gabriel Ribeiro,hadassa48@example.net,M,22,Rocha de Nascimento,AC,2025-11-09 17:11:41
859,Bernardo Fernandes,ribeirolucas-gabriel@example.com,O,64,Rodrigues,GO,2024-09-14 21:17:16
860,Yasmin Carvalho,murilopires@example.com,F,43,Montenegro de Caldeira,AL,2025-06-15 23:28:47
861,Isabela Sá,hda-rocha@example.net,M,47,Abreu do Norte,PA,2024-08-31 00:45:05
862,Bento Mendes,pvargas@example.org,F,34,Guerra,SC,2024-01-19 12:47:56
863,Enzo Gabriel Freitas,sabreu@example.net,F,64,Araújo,AP,2024-01-22 23:34:05
864,Ana Sophia Macedo,moreirabrenda@example.org,F,29,Fernandes,RR,2024-05-27 04:11:12
865,Sabrina Borges,maria-juliamacedo@example.org,M,42,das Neves de Andrade,MG,2025-04-11 22:27:22
866,Marina Câmara,augusto80@example.org,F,50,Camargo,PB,2024-10-08 18:48:09
867,Daniela Duarte,yvargas@example.net,F,48,Casa Grande,PI,2024-01-02 13:40:14
868,Mariana Jesus,ucorreia@example.net,F,22,Nascimento,AC,2024-04-30 20:42:47
869,Dra. Maria Cecília Teixeira,diogo46@example.org,F,45,da Rocha de da Cunha,AC,2024-02-09 07:23:28
870,Dra. Nicole Freitas,enrico86@example.com,M,23,Novaes,AP,2024-07-07 03:23:50
871,Gael da Conceição,portohellena@example.org,M,50,Aparecida,MS,2024-05-16 07:53:57
872,Maria Isis Viana,sousakamilly@example.com,M,30,Mendes,CE,2025-04-09 06:26:45
873,Daniel Gonçalves,camposyan@example.org,F,30,Viana,PA,2025-06-11 04:23:13
874,Dr. Asafe Macedo,pda-cunha@example.com,M,28,Correia da Praia,RR,2025-10-10 00:07:06
875,Lara da Mata,cmoraes@example.com,F,55,Pinto,SE,2024-04-04 17:20:39
876,Srta. Ísis Oliveira,sophiemendes@example.com,M,55,Ribeiro de Goiás,DF,2025-06-15 00:42:34
877,Cecilia Sampaio,cirinomaria-luiza@example.com,M,51,Pereira,ES,2025-09-28 13:57:48
878,Caleb Melo,lorena98@example.com,F,58,Camargo do Galho,PE,2024-04-22 09:06:22
879,José Miguel Nascimento,cassianokevin@example.net,M,62,Abreu do Galho,CE,2024-01-10 15:56:00
880,Sr. Samuel Caldeira,zoenovais@example.com,F,41,Campos,AL,2025-02-28 15:21:01
881,Antonella Souza,sarahdias@example.com,M,24,Campos,PE,2025-02-20 20:55:08
882,Ana Cecília Pereira,mathiascavalcante@example.net,M,32,Sales,ES,2025-04-16 01:37:03
883,Sr. Benicio Oliveira,guilhermepereira@example.org,F,24,Vieira das Flores,RS,2024-10-13 11:28:02
884,Isabel da Mota,bandrade@example.net,F,36,Jesus,MT,2024-04-14 20:05:31
885,Daniel Ferreira,rauldias@example.net,M,42,Sampaio,PR,2024-10-03 11:08:32
886,Sr. Breno Melo,mda-costa@example.com,F,49,Porto do Oeste,MA,2024-03-06 21:12:33
887,Yuri Brito,yda-cruz@example.com,M,61,da Rocha do Sul,RO,2025-09-03 10:31:35
888,Isaque Gonçalves,kaique67@example.org,M,28,Ramos,GO,2024-11-30 23:42:31
889,Evelyn Ferreira,fernando73@example.net,F,63,Costela,PR,2024-11-21 12:55:21
890,Henry Gabriel Cavalcante,ana-cecilia15@example.com,F,19,Castro do Sul,BA,2025-09-24 11:51:06
891,Emilly da Paz,lucca92@example.com,M,20,Pacheco,MA,2025-07-01 14:13:15
892,Maria Helena da Cruz,monteiroalana@example.net,F,25,Barros de Goiás,PE,2025-09-05 05:51:13
893,Nathan Lopes,yagomonteiro@example.com,F,23,Cirino,PB,2025-05-30 09:17:05
894,Maria Helena Nogueira,danielnogueira@example.net,F,46,Ferreira,RS,2024-06-25 09:22:13
895,Srta. Maria Luísa Aragão,antonella51@example.org,M,29,Farias do Norte,AL,2024-08-06 13:36:14
896,Pedro Miguel Cavalcanti,caldeirajoana@example.net,M,54,Ramos,RN,2024-12-09 13:16:16
897,Dra. Isabelly Carvalho,yagoramos@example.com,M,53,Camargo,AL,2025-06-19 01:28:02
898,Ana Laura Oliveira,natalia30@example.com,F,40,Siqueira Alegre,MS,2024-02-25 14:37:03
899,Davi Miguel Andrade,ana-ceciliacunha@example.com,F,61,da Mota de Pires,AC,2023-12-20 13:10:32
900,Milena Sales,mathias62@example.net,F,62,Abreu Grande,ES,2025-06-23 11:06:13
901,Marcos Vinicius Rocha,rcardoso@example.org,F,60,Montenegro das Pedras,BA,2025-10-16 02:30:34
902,Henry Gabriel Farias,knogueira@example.org,M,64,Moreira de Leão,RJ,2025-11-04 17:58:49
903,João Guilherme Monteiro,aparecidamariah@example.org,M,32,Silveira do Amparo,AM,2024-02-28 07:10:44
904,Mirella Cirino,pedro-lucas23@example.org,M,28,Montenegro,SP,2025-12-05 01:32:00
905,Eduardo da Cruz,raquel98@example.org,M,21,Pimenta,PE,2025-10-29 00:49:40
906,Júlia Gonçalves,alanacavalcanti@example.org,F,39,Macedo,SE,2025-03-23 16:40:26
907,Bernardo Caldeira,maria-sophia39@example.net,M,31,Freitas,RR,2025-03-17 12:47:33
908,Lavínia Rezende,anacostela@example.com,F,63,das Neves do Sul,ES,2024-10-19 10:57:35
909,Giovanna da Costa,joao-felipeoliveira@example.net,M,64,Oliveira do Oeste,GO,2025-11-23 23:18:00
910,Yago Novaes,maria-vitoria08@example.com,F,25,Moraes,MA,2025-02-21 17:06:11
911,Heitor Cavalcanti,machadorebeca@example.net,M,53,Gonçalves,RO,2025-04-21 09:17:51
912,José Pedro Rezende,manuellaribeiro@example.com,F,19,Albuquerque de Moreira,SC,2024-10-11 20:12:04
913,Oliver Caldeira,marquesjulia@example.com,M,21,Monteiro,SC,2024-12-02 11:11:54
914,Dra. Luna Mendonça,ygomes@example.org,F,47,Sampaio,BA,2024-04-10 01:47:03
915,Maria Cecília Campos,alvesmaysa@example.com,M,48,Ramos,DF,2025-03-14 15:49:45
916,Thomas Ferreira,gustavomelo@example.com,F,56,Oliveira do Oeste,SE,2024-07-03 23:05:02
917,Cauê Cirino,gmoreira@example.org,F,24,Barbosa,AP,2025-11-04 14:19:51
918,Mariana Lopes,agatha84@example.com,M,59,Castro das Flores,SP,2024-08-14 14:38:19
919,Júlia Viana,liviabrito@example.com,M,53,Peixoto,TO,2025-02-05 02:37:37
920,Dr. Marcelo Moraes,ravi64@example.com,M,24,Almeida do Galho,AC,2024-07-16 01:59:38
921,Caio Camargo,agathada-rosa@example.org,F,61,Santos do Oeste,MA,2025-07-14 11:29:12
922,Luísa Moreira,wbarros@example.com,M,59,Rocha,MT,2025-02-07 03:39:21
923,Caleb Peixoto,leonardonovaes@example.net,M,30,Rios,CE,2023-12-14 16:05:43
924,Maria da Cruz,amartins@example.com,F,38,Cassiano,GO,2024-10-29 04:54:34
925,Alexia Moura,esther67@example.net,F,26,Montenegro,AC,2024-04-11 00:55:46
926,Zoe Melo,garciarafaela@example.net,F,32,Fonseca,SC,2025-08-20 09:41:42
927,Manuella Santos,rafaela13@example.com,F,59,Nunes,AC,2024-03-27 06:23:50
928,Srta. Ana Lívia Dias,imarques@example.com,F,33,Correia,PA,2024-04-12 22:35:34
929,Dra. Manuella Costela,andrealves@example.org,F,44,Fogaça,RN,2024-12-06 18:04:21
930,Isabelly da Luz,mateusdias@example.com,F,41,Machado das Flores,RJ,2024-03-24 11:51:14
931,João Felipe Brito,olivia09@example.net,F,56,Correia dos Dourados,PE,2025-06-06 10:45:53
932,Mirella Cardoso,vieiralavinia@example.net,F,35,Freitas do Sul,DF,2025-10-02 21:55:24
933,Dra. Valentina da Cruz,yaraujo@example.com,F,27,Mendes,MA,2025-05-17 08:52:35
934,Ian Brito,ana-sophiavieira@example.org,M,22,Azevedo,RO,2025-06-16 20:10:32
935,José Pedro Vieira,wribeiro@example.net,M,52,da Cunha,DF,2025-04-02 06:37:32
936,Maria Flor Viana,juliaaragao@example.net,F,50,da Rosa de da Mata,PE,2025-08-20 02:12:24
937,Davi Lucca Barbosa,nogueiraluisa@example.net,M,34,Cirino,ES,2024-11-06 20:17:27
938,Lucas da Luz,igormoura@example.org,M,54,Casa Grande,MS,2024-11-14 22:29:25
939,Srta. Hellena Ribeiro,ninasampaio@example.org,F,45,Freitas,CE,2025-12-01 05:06:42
940,Maria Laura Vargas,maria-julia21@example.org,M,28,Rios da Serra,CE,2025-07-08 18:35:47
941,Lavínia da Conceição,maria-laura02@example.org,M,31,Ferreira de Goiás,MG,2025-08-16 21:15:04
942,Dr. Heitor Costa,maria-eduardaporto@example.org,F,42,Martins,CE,2025-11-30 10:14:26
943,Ana Beatriz Sampaio,peixotomaria-clara@example.com,O,52,Borges,DF,2025-08-05 07:34:07
944,Ana Laura Rocha,emanuelly91@example.net,F,35,da Luz,SE,2024-01-19 05:46:11
945,Vinicius Viana,agatha80@example.com,M,56,da Rocha,MT,2025-10-11 10:48:26
946,Marcos Vinicius Gomes,vicente80@example.com,F,28,Rios dos Dourados,RJ,2024-09-29 23:16:29
947,Eduarda da Cunha,alvesluisa@example.org,O,63,Peixoto,GO,2024-07-14 21:09:59
948,Hadassa Dias,eloah73@example.org,M,43,Machado,RJ,2024-04-29 04:47:32
949,Kaique Pastor,eloa33@example.net,M,49,da Conceição,AP,2024-03-26 15:05:23
950,Francisco Machado,marcelovieira@example.net,M,63,Leão,PI,2024-05-05 07:17:51
951,Stephany Santos,lribeiro@example.org,M,54,Cunha do Norte,RR,2025-11-01 05:47:59
952,Srta. Zoe Castro,brenda84@example.org,F,20,Abreu do Campo,SP,2024-06-24 03:57:07
953,Sr. Apollo Sousa,marqueshenry-gabriel@example.org,M,50,Aragão Grande,PB,2024-05-06 12:24:19
954,José Pedro Sampaio,scunha@example.net,M,58,Nogueira das Flores,SC,2025-10-23 07:06:42
955,Lucas Jesus,freitasvalentim@example.net,F,30,Pimenta das Pedras,SP,2025-10-02 16:45:02
956,Sra. Heloísa Vieira,ida-mata@example.org,F,19,Machado,GO,2024-09-23 01:49:56
957,Heitor Barbosa,lcampos@example.org,F,61,Azevedo,PB,2025-04-29 02:57:18
958,Brayan Lopes,lorena43@example.net,M,38,Albuquerque,SC,2025-02-26 17:51:58
959,Dra. Eloá Farias,mendoncaisabel@example.com,M,25,da Mota da Serra,MT,2025-02-09 06:23:32
960,Raquel Abreu,lrezende@example.com,F,61,da Cruz,RR,2025-05-21 06:45:31
961,Ana Nunes,kevin29@example.net,M,20,Viana do Oeste,MS,2023-12-20 03:12:28
962,Maria Luiza Dias,isaacporto@example.com,M,19,Pinto,AC,2025-03-17 14:45:42
963,Hadassa Montenegro,mendoncavicente@example.net,O,19,Brito da Serra,GO,2024-10-05 20:16:34
964,Ana Vitória Porto,araujobreno@example.org,M,52,Marques Grande,MT,2025-01-01 21:35:17
965,José Borges,gomesbrayan@example.org,F,47,Caldeira,RS,2025-01-13 07:26:12
966,Henry Melo,kevinribeiro@example.com,M,39,Vasconcelos de da Cunha,MG,2025-07-11 13:21:18
967,Maria Alice das Neves,domgoncalves@example.net,F,53,Cardoso dos Dourados,MA,2024-01-15 05:42:54
968,Rodrigo Santos,raul46@example.org,O,46,das Neves Grande,ES,2025-06-11 22:19:14
969,Amanda da Mota,camararebeca@example.com,F,33,Pereira de Fernandes,SE,2025-01-25 17:05:57
970,Caleb Pereira,esther33@example.org,M,47,da Mota de Casa Grande,MT,2024-08-29 15:10:03
971,Diego Sales,goncalvestheodoro@example.org,M,33,Cirino do Campo,ES,2023-12-25 20:34:47
972,Laís das Neves,abreuluiz-gustavo@example.net,M,33,Teixeira,AM,2024-12-30 00:13:00
973,Lorena Melo,qdias@example.net,F,37,Cavalcante,RR,2025-10-28 23:47:51
974,Calebe Fernandes,sousalivia@example.com,M,47,Fogaça de Minas,RS,2024-09-14 03:08:46
975,Luiz Gustavo Santos,eoliveira@example.net,M,45,Nascimento,SP,2024-11-13 22:26:44
976,Nathan Abreu,casa-grandeana-clara@example.net,O,22,Viana do Sul,PE,2024-05-14 09:17:57
977,Sr. Thales Peixoto,alvesmanuella@example.net,F,61,Ferreira de Brito,AC,2025-11-01 05:54:29
978,Cauê Rezende,yalves@example.com,M,47,Almeida,AP,2025-03-15 01:44:11
979,Ísis Nunes,clara17@example.org,F,23,Aparecida da Prata,PB,2025-02-13 04:45:17
980,Sr. Luiz Miguel Campos,saoliver@example.com,M,25,Vieira,TO,2024-04-16 02:19:09
981,Agatha Pereira,raelnascimento@example.net,F,50,das Neves de Rocha,AL,2025-03-01 05:27:02
982,Bento da Cunha,pedro-miguel44@example.com,F,29,Fonseca,MG,2023-12-18 07:57:43
983,Natália Machado,ygomes@example.com,F,51,Fernandes,DF,2024-02-06 08:06:24
984,Francisco Sampaio,francisco91@example.net,M,53,Duarte,SP,2025-10-05 13:38:16
985,Ana Beatriz Nascimento,aragaoana-carolina@example.com,M,62,Moreira das Flores,PB,2024-12-15 18:34:16
986,Noah Albuquerque,leaopietro@example.com,M,38,da Conceição de Sales,PI,2025-07-05 01:26:30
987,Ravi Lucca Pereira,peixototheo@example.org,M,26,Guerra da Prata,SP,2025-11-10 21:47:05
988,Dom Duarte,correiaheloisa@example.org,F,20,da Mata das Pedras,ES,2024-03-03 12:43:24
989,Yan Peixoto,calebe20@example.org,M,40,Barros,RJ,2025-03-05 13:56:17
990,Maria Flor Barbosa,vcardoso@example.org,F,35,Ribeiro do Oeste,SE,2024-01-11 20:37:44
991,Yuri Mendes,azevedopedro-lucas@example.net,F,52,Andrade das Flores,AL,2025-05-17 23:17:33
992,Ravy Cardoso,costelaeloa@example.org,F,32,da Rocha de Minas,RO,2024-09-18 20:16:11
993,Bruna Mendonça,levimelo@example.net,O,54,Moura das Flores,PB,2024-12-18 17:28:55
994,Srta. Júlia Barros,aylla23@example.org,M,29,Cardoso da Prata,PE,2024-10-26 19:54:22
995,Théo Cirino,pcassiano@example.com,F,59,Farias,RJ,2024-01-04 13:12:11
996,João Gabriel Rocha,barroslarissa@example.org,F,62,Teixeira,SC,2025-07-20 02:48:47
997,Sr. Vinícius da Conceição,bmendes@example.com,M,41,da Rosa,AP,2024-01-04 02:12:30
998,Dr. Murilo Andrade,rsantos@example.com,F,31,Pires de Peixoto,PE,2025-01-07 22:45:57
999,Emanuel Siqueira,diogo67@example.org,F,33,Gomes,PB,2025-09-04 06:38:16
1000,Pedro da Mota,aborges@example.net,M,31,Azevedo dos Dourados,PR,2024-06-26 19:41:52
